festival,award,award_year,ceremony_or_festival_year,original_title,english_title,current_chinese_title,taiwan_title_candidate,hong_kong_title_candidate,china_title_candidate,other_traditional_chinese_titles,director,country,source_url_official,source_url_secondary,title_source_url,title_confidence,review_status,notes
oscar,Academy Award for Best Picture,1927/1928,1929,Wings,Wings,飛機大戰「翼」,,飛機大戰「翼」,铁翼雄风,翼,"威廉韋曼, 哈利·达巴迪·达拉斯特",美國,https://awardsdatabase.oscars.org/,https://en.wikipedia.org/wiki/Wings_(1927_film),https://zh.wikipedia.org/wiki/铁翼雄风,medium,needs_source,Wikidata: Q272036
oscar,Academy Award for Best Picture,1928/1929,1929,The Broadway Melody,The Broadway Melody,百老滙之歌,,百老滙之歌,红伶秘史,"百老汇之歌, 百老汇的旋律, 百老汇旋律",哈里·博蒙特,美國,https://awardsdatabase.oscars.org/,https://en.wikipedia.org/wiki/The_Broadway_Melody,https://zh.wikipedia.org/wiki/红伶秘史,medium,needs_source,Wikidata: Q463620
oscar,Academy Award for Best Picture,1929/1930,1930,All Quiet on the Western Front,All Quiet on the Western Front,西線無戰事,西線無戰事,西線無戰事,西线无战事,,"刘易斯·迈尔斯通, Nate Watt",美國,https://awardsdatabase.oscars.org/,https://en.wikipedia.org/wiki/All_Quiet_on_the_Western_Front_(1930_film),https://zh.wikipedia.org/wiki/西線無戰事 (1930年電影),high,confirmed,Wikidata: Q272599
oscar,Academy Award for Best Picture,1930/1931,1931,Cimarron,Cimarron,殖邊壯史,,殖邊壯史,壮志千秋,,韋斯利·拉格爾斯,美國,https://awardsdatabase.oscars.org/,https://en.wikipedia.org/wiki/Cimarron_(1931_film),https://zh.wikipedia.org/wiki/壮志千秋,medium,needs_source,Wikidata: Q251997
oscar,Academy Award for Best Picture,1931/1932,1932,Grand Hotel,Grand Hotel,逆旅奇觀,,逆旅奇觀,大饭店,Grand Hotel,埃德蒙·古爾丁,美國,https://awardsdatabase.oscars.org/,https://en.wikipedia.org/wiki/Grand_Hotel_(1932_film),https://zh.wikipedia.org/wiki/大饭店,medium,needs_source,Wikidata: Q246656
oscar,Academy Award for Best Picture,1932/1933,1933,Cavalcade,Cavalcade,百戰忠魂,,百戰忠魂,气壮山河,亂世春秋,法蘭·萊,美國,https://awardsdatabase.oscars.org/,https://en.wikipedia.org/wiki/Cavalcade_(1933_film),https://zh.wikipedia.org/wiki/气壮山河,medium,needs_source,Wikidata: Q753107
oscar,Academy Award for Best Picture,1934,1935,It Happened One Night,It Happened One Night,一夜風流,一夜風流,一夜風流,一夜风流,纽约-迈阿密,法蘭克·卡普拉,美國,https://awardsdatabase.oscars.org/,https://en.wikipedia.org/wiki/It_Happened_One_Night,https://zh.wikipedia.org/wiki/一夜風流,high,confirmed,Wikidata: Q208632
oscar,Academy Award for Best Picture,1935,1936,Mutiny on the Bounty,Mutiny on the Bounty,叛艦喋血記,,叛艦喋血記,叛艦喋血記,,法蘭·萊,美國,https://awardsdatabase.oscars.org/,https://en.wikipedia.org/wiki/Mutiny_on_the_Bounty_(1935_film),https://zh.wikipedia.org/wiki/叛艦喋血記 (1935年電影),medium,needs_source,Wikidata: Q329709
oscar,Academy Award for Best Picture,1936,1937,The Great Ziegfeld,The Great Ziegfeld,歌舞大王昔飛路,,歌舞大王昔飛路,歌舞大王齊格飛,"歌舞大王齐格菲, The Great Ziegfeld",勞勃·Z·李安納,美國,https://awardsdatabase.oscars.org/,https://en.wikipedia.org/wiki/The_Great_Ziegfeld,https://zh.wikipedia.org/wiki/歌舞大王齊格飛,medium,needs_source,Wikidata: Q470218
oscar,Academy Award for Best Picture,1937,1938,The Life of Emile Zola,The Life of Emile Zola,左拉光榮傳,,左拉光榮傳,左拉传,,威廉·迪特勒,美國,https://awardsdatabase.oscars.org/,https://en.wikipedia.org/wiki/The_Life_of_Emile_Zola,https://zh.wikipedia.org/wiki/左拉传,medium,needs_source,Wikidata: Q738552
oscar,Academy Award for Best Picture,1938,1939,You Can't Take It With You,You Can't Take It with You,浮生若夢,,浮生若夢,浮生若夢,,法蘭克·卡普拉,美國,https://awardsdatabase.oscars.org/,https://en.wikipedia.org/wiki/You_Can't_Take_It_with_You_(film),https://zh.wikipedia.org/wiki/浮生若夢,medium,needs_source,Wikidata: Q637835
oscar,Academy Award for Best Picture,1939,1940,Gone with the Wind,Gone with the Wind,亂世佳人,亂世佳人,亂世佳人,乱世佳人,,"维克托·弗莱明, 喬治·丘克, 森·活特",美國,https://awardsdatabase.oscars.org/,https://en.wikipedia.org/wiki/Gone_with_the_Wind_(film),https://zh.wikipedia.org/wiki/乱世佳人,high,confirmed,Wikidata: Q2875
oscar,Academy Award for Best Picture,1940,1941,Rebecca,Rebecca,蝴蝶梦,,,蝴蝶梦,,亞佛烈德·希區考克,美國,https://awardsdatabase.oscars.org/,https://en.wikipedia.org/wiki/Rebecca_(1940_film),https://zh.wikipedia.org/wiki/蝴蝶梦 (电影),medium,needs_source,Wikidata: Q204212
oscar,Academy Award for Best Picture,1941,1942,How Green Was My Valley,How Green Was My Valley,父慈子孝,,父慈子孝,翡翠谷,,尊·福,美國,https://awardsdatabase.oscars.org/,https://en.wikipedia.org/wiki/How_Green_Was_My_Valley_(film),https://zh.wikipedia.org/wiki/翡翠谷 (電影),medium,needs_source,Wikidata: Q244448
oscar,Academy Award for Best Picture,1942,1943,Mrs. Miniver,Mrs. Miniver,戰雲鵑血,,戰雲鵑血,忠勇之家,米尼弗夫人,威廉·惠勒,美國,https://awardsdatabase.oscars.org/,https://en.wikipedia.org/wiki/Mrs._Miniver,https://zh.wikipedia.org/wiki/忠勇之家,medium,needs_source,Wikidata: Q478371
oscar,Academy Award for Best Picture,1943,1944,Casablanca,Casablanca,北非諜影,北非諜影,北非諜影,卡萨布兰卡,"北菲諜影, Casablanca",麥可·寇蒂斯,美國,https://awardsdatabase.oscars.org/,https://en.wikipedia.org/wiki/Casablanca_(film),https://zh.wikipedia.org/wiki/北非谍影,high,confirmed,Wikidata: Q132689
oscar,Academy Award for Best Picture,1944,1945,Going My Way,Going My Way,与我同行,,,与我同行,,李歐·麥卡瑞,美國,https://awardsdatabase.oscars.org/,https://en.wikipedia.org/wiki/Going_My_Way,https://zh.wikipedia.org/wiki/与我同行,medium,needs_source,Wikidata: Q468877
oscar,Academy Award for Best Picture,1945,1946,The Lost Weekend,The Lost Weekend,失去的週末,失去的週末,醉鄉遺恨,失去的周末,"醉乡遗恨, 失去的周未",比利·懷德,美國,https://awardsdatabase.oscars.org/,https://en.wikipedia.org/wiki/The_Lost_Weekend,https://zh.wikipedia.org/wiki/失去的週末,high,confirmed,Wikidata: Q237134
oscar,Academy Award for Best Picture,1946,1947,The Best Years of Our Lives,The Best Years of Our Lives,黃金時代,黃金時代,黃金時代,黄金时代,,威廉·惠勒,美國,https://awardsdatabase.oscars.org/,https://en.wikipedia.org/wiki/The_Best_Years_of_Our_Lives,https://zh.wikipedia.org/wiki/黄金时代 (1946年电影),high,confirmed,Wikidata: Q645094
oscar,Academy Award for Best Picture,1947,1948,Gentleman's Agreement,Gentleman's Agreement,君子協定,,君子協定,君子協定,Gentleman's Agreement,伊力·卡山,美國,https://awardsdatabase.oscars.org/,https://en.wikipedia.org/wiki/Gentleman's_Agreement,https://zh.wikipedia.org/wiki/君子協定 (電影),medium,needs_source,Wikidata: Q898840
oscar,Academy Award for Best Picture,1948,1949,Hamlet,Hamlet,王子復仇記,王子復仇記,王子復仇記,哈姆雷特,皇子復仇記,勞倫斯·奧立佛,英國,https://awardsdatabase.oscars.org/,https://en.wikipedia.org/wiki/Hamlet_(1948_film),https://zh.wikipedia.org/wiki/哈姆雷特 (1948年电影),high,confirmed,Wikidata: Q27178
oscar,Academy Award for Best Picture,1949,1950,All the King's Men,All the King's Men,當代奸雄,,當代奸雄,当代奸雄,一代奸雄,羅伯特·羅森,美國,https://awardsdatabase.oscars.org/,https://en.wikipedia.org/wiki/All_the_King's_Men_(1949_film),https://zh.wikipedia.org/wiki/当代奸雄,medium,needs_source,Wikidata: Q817159
oscar,Academy Award for Best Picture,1950,1951,All About Eve,All About Eve,四面夏娃,四面夏娃,四面夏娃,四面夏娃,慧星美人,約瑟夫·孟威茲,美國,https://awardsdatabase.oscars.org/,https://en.wikipedia.org/wiki/All_About_Eve,https://zh.wikipedia.org/wiki/彗星美人,high,confirmed,Wikidata: Q200299
oscar,Academy Award for Best Picture,1951,1952,An American in Paris,An American in Paris,花都舞影,花都舞影,花都艷舞,花都舞影,"花都艳舞, 一個美國人在巴黎",雲仙·明里尼,美國,https://awardsdatabase.oscars.org/,https://en.wikipedia.org/wiki/An_American_in_Paris_(film),https://zh.wikipedia.org/wiki/花都舞影,high,confirmed,Wikidata: Q747570
oscar,Academy Award for Best Picture,1952,1953,The Greatest Show on Earth,The Greatest Show on Earth,戲王之王,,戲王之王,戲中之王,世界最大马戏团,施素·德美,美國,https://awardsdatabase.oscars.org/,https://en.wikipedia.org/wiki/The_Greatest_Show_on_Earth_(film),https://zh.wikipedia.org/wiki/戲中之王,medium,needs_source,Wikidata: Q641061
oscar,Academy Award for Best Picture,1953,1954,From Here to Eternity,From Here to Eternity,亂世忠魂,亂世忠魂,紅粉忠魂未了情,乱世忠魂,,弗雷德·金尼曼,美國,https://awardsdatabase.oscars.org/,https://en.wikipedia.org/wiki/From_Here_to_Eternity,https://zh.wikipedia.org/wiki/亂世忠魂,high,confirmed,Wikidata: Q207588
oscar,Academy Award for Best Picture,1954,1955,On the Waterfront,On the Waterfront,岸上風雲,岸上風雲,碼頭風雲,码头风云,"在江边, 黑土狂潮, 岸上风云",伊力·卡山,美國,https://awardsdatabase.oscars.org/,https://en.wikipedia.org/wiki/On_the_Waterfront,https://zh.wikipedia.org/wiki/码头风云,high,confirmed,Wikidata: Q211372
oscar,Academy Award for Best Picture,1955,1956,Marty,Marty,馬蒂,馬蒂,君子好逑,马蒂,,德爾伯特·曼,美國,https://awardsdatabase.oscars.org/,https://en.wikipedia.org/wiki/Marty_(film),https://zh.wikipedia.org/wiki/君子好逑 (美國電影),high,confirmed,Wikidata: Q237116
oscar,Academy Award for Best Picture,1956,1957,Around the World in 80 Days,Around the World in 80 Days,環遊世界八十天,環遊世界八十天,八十日環遊世界,环游世界八十天,环游世界八十日,"邁克爾·安德森 (導演), 尊·花路","英國, 美國, 義大利, 法國",https://awardsdatabase.oscars.org/,https://en.wikipedia.org/wiki/Around_the_World_in_80_Days_(1956_film),https://zh.wikipedia.org/wiki/环游世界八十天 (1956年电影),high,confirmed,Wikidata: Q696057
oscar,Academy Award for Best Picture,1957,1958,The Bridge on the River Kwai,The Bridge on the River Kwai,桂河大橋,桂河大橋,桂河大橋,桂河大桥,"桂河橋, 血溅桂河桥",大衛·連,"英國, 美國",https://awardsdatabase.oscars.org/,https://en.wikipedia.org/wiki/The_Bridge_on_the_River_Kwai,https://zh.wikipedia.org/wiki/桂河大桥,high,confirmed,Wikidata: Q188718
oscar,Academy Award for Best Picture,1958,1959,Gigi,Gigi,金粉世界,金粉世界,金粉世界,金粉世界,,"雲仙·明里尼, 查尔斯·沃尔特斯",美國,https://awardsdatabase.oscars.org/,https://en.wikipedia.org/wiki/Gigi_(1958_film),https://zh.wikipedia.org/wiki/金粉世界,high,confirmed,Wikidata: Q577757
oscar,Academy Award for Best Picture,1959,1960,Ben-Hur,Ben-Hur,賓漢,賓漢,賓虛,宾虚,"宾汉, 宾虚传",威廉·惠勒,美國,https://awardsdatabase.oscars.org/,https://en.wikipedia.org/wiki/Ben-Hur_(1959_film),https://zh.wikipedia.org/wiki/賓漢,high,confirmed,Wikidata: Q180098
oscar,Academy Award for Best Picture,1960,1961,The Apartment,The Apartment,公寓春光,公寓春光,公寓春光,桃色公寓,凤楼春色,比利·懷德,美國,https://awardsdatabase.oscars.org/,https://en.wikipedia.org/wiki/The_Apartment,https://zh.wikipedia.org/wiki/公寓春光,high,confirmed,Wikidata: Q270510
oscar,Academy Award for Best Picture,1961,1962,West Side Story,West Side Story,西城故事,西城故事,夢斷城西,西区故事,,"罗伯特·怀斯, 傑洛姆·羅賓斯",美國,https://awardsdatabase.oscars.org/,https://en.wikipedia.org/wiki/West_Side_Story_(1961_film),https://zh.wikipedia.org/wiki/西城故事 (1961年電影),high,confirmed,Wikidata: Q273704
oscar,Academy Award for Best Picture,1962,1963,Lawrence of Arabia,Lawrence of Arabia,阿拉伯的勞倫斯,阿拉伯的勞倫斯,沙漠梟雄,阿拉伯的劳伦斯,,大衛·連,"英國, 美國",https://awardsdatabase.oscars.org/,https://en.wikipedia.org/wiki/Lawrence_of_Arabia_(film),https://zh.wikipedia.org/wiki/阿拉伯的劳伦斯 (电影),high,confirmed,Wikidata: Q228186
oscar,Academy Award for Best Picture,1963,1964,Tom Jones,Tom Jones,湯姆瓊斯,湯姆瓊斯,風流劍俠走天涯,汤姆·琼斯,湯姆·瓊斯,湯尼·李察遜,英國,https://awardsdatabase.oscars.org/,https://en.wikipedia.org/wiki/Tom_Jones_(1963_film),https://zh.wikipedia.org/wiki/風流劍客走天涯,high,confirmed,Wikidata: Q313315
oscar,Academy Award for Best Picture,1964,1965,My Fair Lady,My Fair Lady,窈窕淑女,窈窕淑女,窈窕淑女,窈窕淑女,,喬治·丘克,美國,https://awardsdatabase.oscars.org/,https://en.wikipedia.org/wiki/My_Fair_Lady_(film),https://zh.wikipedia.org/wiki/窈窕淑女 (電影),high,confirmed,Wikidata: Q201215
oscar,Academy Award for Best Picture,1965,1966,The Sound of Music,The Sound of Music,真善美,真善美,仙樂飄飄處處聞,音乐之声,,罗伯特·怀斯,美國,https://awardsdatabase.oscars.org/,https://en.wikipedia.org/wiki/The_Sound_of_Music_(film),https://zh.wikipedia.org/wiki/音乐之声 (电影),high,confirmed,Wikidata: Q60072
oscar,Academy Award for Best Picture,1966,1967,A Man for All Seasons,A Man for All Seasons,良相佐國,良相佐國,日月精忠,四季之人,良相佐国,弗雷德·金尼曼,英國,https://awardsdatabase.oscars.org/,https://en.wikipedia.org/wiki/A_Man_for_All_Seasons_(1966_film),https://zh.wikipedia.org/wiki/良相佐國,high,confirmed,Wikidata: Q218999
oscar,Academy Award for Best Picture,1967,1968,In the Heat of the Night,In the Heat of the Night,惡夜追緝令,惡夜追緝令,月黑風高殺人夜,月黑風高殺人夜,"炎热的夜晚, 黑夜追缉令",诺曼·杰威森,美國,https://awardsdatabase.oscars.org/,https://en.wikipedia.org/wiki/In_the_Heat_of_the_Night_(film),https://zh.wikipedia.org/wiki/月黑風高殺人夜,high,confirmed,Wikidata: Q622240
oscar,Academy Award for Best Picture,1968,1969,Oliver!,Oliver!,孤雛淚,孤雛淚,新苦海孤雛,孤雏泪,"奥利弗！, 雾都孤儿, 奥利弗",卡勞烈,英國,https://awardsdatabase.oscars.org/,https://en.wikipedia.org/wiki/Oliver!_(film),https://zh.wikipedia.org/wiki/孤雛淚 (電影),high,confirmed,Wikidata: Q141359
oscar,Academy Award for Best Picture,1969,1970,Midnight Cowboy,Midnight Cowboy,午夜牛郎,,午夜牛郎,午夜牛郎,Midnight Cowboy,约翰·施莱辛格,美國,https://awardsdatabase.oscars.org/,https://en.wikipedia.org/wiki/Midnight_Cowboy,https://zh.wikipedia.org/wiki/午夜牛郎,medium,needs_source,Wikidata: Q61696
oscar,Academy Award for Best Picture,1970,1971,Patton,Patton,巴頓將軍,巴頓將軍,鐵血將軍巴頓,巴顿将军,铁血虎胆勇将军,法蘭克林·沙夫納,美國,https://awardsdatabase.oscars.org/,https://en.wikipedia.org/wiki/Patton_(film),https://zh.wikipedia.org/wiki/巴頓將軍,high,confirmed,Wikidata: Q217220
oscar,Academy Award for Best Picture,1971,1972,The French Connection,The French Connection,霹靂神探,霹靂神探,密探霹靂火,霹雳神探,"法国贩毒网, 毒网惊魂, The French Connection, French Connection",威廉·佛雷金,美國,https://awardsdatabase.oscars.org/,https://en.wikipedia.org/wiki/The_French_Connection_(film),https://zh.wikipedia.org/wiki/霹靂神探,high,confirmed,Wikidata: Q220735
oscar,Academy Award for Best Picture,1972,1973,The Godfather,The Godfather,教父,教父,,教父,"教父第一集, The Godfather, 教父1",法蘭西斯·柯波拉,"美國, 義大利",https://awardsdatabase.oscars.org/,https://en.wikipedia.org/wiki/The_Godfather,https://zh.wikipedia.org/wiki/教父 (電影),high,confirmed,Wikidata: Q47703
oscar,Academy Award for Best Picture,1973,1974,The Sting,The Sting,刺激,刺激,老千計狀元才,老千計狀元才,"骗中骗, The Sting",乔治·罗伊·希尔,美國,https://awardsdatabase.oscars.org/,https://en.wikipedia.org/wiki/The_Sting,https://zh.wikipedia.org/wiki/老千計狀元才,high,confirmed,Wikidata: Q62665
oscar,Academy Award for Best Picture,1974,1975,The Godfather Part II,The Godfather Part II,教父第二集,教父第二集,教父續集,教父2,"The Godfather 2, 教父II, 教父二, 教父Ⅱ",法蘭西斯·柯波拉,美國,https://awardsdatabase.oscars.org/,https://en.wikipedia.org/wiki/The_Godfather_Part_II,https://zh.wikipedia.org/wiki/教父2,high,confirmed,Wikidata: Q184768
oscar,Academy Award for Best Picture,1975,1976,One Flew Over the Cuckoo's Nest,One Flew Over the Cuckoo's Nest,飛越杜鵑窩,飛越杜鵑窩,飛越瘋人院,飞越疯人院,"大鬧瘋人院, 飞跃疯人院",米洛斯·福曼,美國,https://awardsdatabase.oscars.org/,https://en.wikipedia.org/wiki/One_Flew_Over_the_Cuckoo's_Nest_(film),https://zh.wikipedia.org/wiki/飛越瘋人院,high,confirmed,Wikidata: Q171669
oscar,Academy Award for Best Picture,1976,1977,Rocky,Rocky,洛基,洛基,洛奇,洛奇,"洛奇1, Rocky, 罗基",約翰·艾維森,美國,https://awardsdatabase.oscars.org/,https://en.wikipedia.org/wiki/Rocky,https://zh.wikipedia.org/wiki/洛奇,high,confirmed,Wikidata: Q188652
oscar,Academy Award for Best Picture,1977,1978,Annie Hall,Annie Hall,安妮霍爾,安妮霍爾,安妮荷爾,安妮·霍尔,"Annie Hall, 安妮·霍爾",伍迪·艾倫,美國,https://awardsdatabase.oscars.org/,https://en.wikipedia.org/wiki/Annie_Hall,https://zh.wikipedia.org/wiki/安妮·霍尔,high,confirmed,Wikidata: Q233464
oscar,Academy Award for Best Picture,1978,1979,The Deer Hunter,The Deer Hunter,越戰獵鹿人,越戰獵鹿人,獵鹿者,猎鹿人,,迈克尔·西米诺,美國,https://awardsdatabase.oscars.org/,https://en.wikipedia.org/wiki/The_Deer_Hunter,https://zh.wikipedia.org/wiki/猎鹿人,high,confirmed,Wikidata: Q201674
oscar,Academy Award for Best Picture,1979,1980,Kramer vs. Kramer,Kramer vs. Kramer,克拉瑪對克拉瑪,克拉瑪對克拉瑪,克藍瑪對克藍瑪,克莱默夫妇,"人间稚子情, 天伦稚子情, 克莱墨夫妇",勞勃·班頓,美國,https://awardsdatabase.oscars.org/,https://en.wikipedia.org/wiki/Kramer_vs._Kramer,https://zh.wikipedia.org/wiki/克藍瑪對克藍瑪,high,confirmed,Wikidata: Q193577
oscar,Academy Award for Best Picture,1980,1981,Ordinary People,Ordinary People,凡夫俗子,,凡夫俗子,凡夫俗子,"哀乐人生, 平凡人",羅拔烈福,美國,https://awardsdatabase.oscars.org/,https://en.wikipedia.org/wiki/Ordinary_People,https://zh.wikipedia.org/wiki/凡夫俗子,medium,needs_source,Wikidata: Q503313
oscar,Academy Award for Best Picture,1981,1982,Chariots of Fire,Chariots of Fire,火戰車,火戰車,烈火戰車,烈火战车,"火之战车, 火的战车, 金牌健将",休·赫德森,"英國, 澳洲",https://awardsdatabase.oscars.org/,https://en.wikipedia.org/wiki/Chariots_of_Fire,https://zh.wikipedia.org/wiki/烈火戰車 (1981年電影),high,confirmed,Wikidata: Q207921
oscar,Academy Award for Best Picture,1982,1983,Gandhi,Gandhi,甘地,甘地,甘地傳,甘地传,,李察·艾登堡祿,"英國, 印度",https://awardsdatabase.oscars.org/,https://en.wikipedia.org/wiki/Gandhi_(film),https://zh.wikipedia.org/wiki/甘地傳,high,confirmed,Wikidata: Q202211
oscar,Academy Award for Best Picture,1983,1984,Terms of Endearment,Terms of Endearment,常在我心間,,常在我心間,親密關係,"亲密关系, 母女情深, 爱的协议, Terms of Endearment",詹姆斯·L·布鲁克斯,美國,https://awardsdatabase.oscars.org/,https://en.wikipedia.org/wiki/Terms_of_Endearment,https://zh.wikipedia.org/wiki/親密關係 (電影),medium,confirmed,Wikidata: Q185071
oscar,Academy Award for Best Picture,1984,1985,Amadeus,Amadeus,阿瑪迪斯,阿瑪迪斯,莫扎特傳,莫扎特传,"莫札特傳, 阿玛迪斯, 阿玛多伊斯, 上帝的宠儿",米洛斯·福曼,"美國, 捷克斯洛伐克",https://awardsdatabase.oscars.org/,https://en.wikipedia.org/wiki/Amadeus_(film),https://zh.wikipedia.org/wiki/阿瑪迪斯,high,confirmed,Wikidata: Q190956
oscar,Academy Award for Best Picture,1985,1986,Out of Africa,Out of Africa,遠離非洲,遠離非洲,非洲之旅,走出非洲,,薛尼·波拉克,美國,https://awardsdatabase.oscars.org/,https://en.wikipedia.org/wiki/Out_of_Africa_(film),https://zh.wikipedia.org/wiki/走出非洲 (電影),high,confirmed,Wikidata: Q208266
oscar,Academy Award for Best Picture,1986,1987,Platoon,Platoon,前進高棉,前進高棉,殺戮戰場,野战排,野戰排,奧利佛·史東,"美國, 菲律賓",https://awardsdatabase.oscars.org/,https://en.wikipedia.org/wiki/Platoon_(film),https://zh.wikipedia.org/wiki/野战排 (电影),high,confirmed,Wikidata: Q190643
oscar,Academy Award for Best Picture,1987,1988,The Last Emperor,The Last Emperor,末代皇帝,末代皇帝,末代皇帝,末代皇帝,末代皇帝溥儀,貝托洛奇,"中華人民共和國, 法國, 英國, 義大利, 英屬香港",https://awardsdatabase.oscars.org/,https://en.wikipedia.org/wiki/The_Last_Emperor,https://zh.wikipedia.org/wiki/末代皇帝 (电影),high,confirmed,Wikidata: Q212775
oscar,Academy Award for Best Picture,1988,1989,Rain Man,Rain Man,雨人,雨人,手足情未了,雨人,"Rain Man, Rainman",巴瑞·李文森,美國,https://awardsdatabase.oscars.org/,https://en.wikipedia.org/wiki/Rain_Man,https://zh.wikipedia.org/wiki/雨人,high,confirmed,Wikidata: Q188845
oscar,Academy Award for Best Picture,1989,1990,Driving Miss Daisy,Driving Miss Daisy,溫馨接送情,溫馨接送情,山水喜相逢,为黛茜小姐开车,为黛西小姐开车,布魯斯·貝勒斯福,美國,https://awardsdatabase.oscars.org/,https://en.wikipedia.org/wiki/Driving_Miss_Daisy,https://zh.wikipedia.org/wiki/为黛茜小姐开车,high,confirmed,Wikidata: Q211373
oscar,Academy Award for Best Picture,1990,1991,Dances with Wolves,Dances With Wolves,與狼共舞,,,與狼共舞,与狼共舞,凱文·科斯納,美國,https://awardsdatabase.oscars.org/,https://en.wikipedia.org/wiki/Dances_With_Wolves,https://zh.wikipedia.org/wiki/與狼共舞,medium,confirmed,Wikidata: Q20456
oscar,Academy Award for Best Picture,1991,1992,The Silence of the Lambs,The Silence of the Lambs,沉默的羔羊,沉默的羔羊,沉默的羔羊,沉默的羔羊,迷离谋杀,莊納芬·狄米,美國,https://awardsdatabase.oscars.org/,https://en.wikipedia.org/wiki/The_Silence_of_the_Lambs_(film),https://zh.wikipedia.org/wiki/沉默的羔羊,high,confirmed,Wikidata: Q133654
oscar,Academy Award for Best Picture,1992,1993,Unforgiven,Unforgiven,殺無赦,殺無赦,豪情蓋天,不可饶恕,"不可原諒, Unforgiven",克林·伊斯威特,美國,https://awardsdatabase.oscars.org/,https://en.wikipedia.org/wiki/Unforgiven,https://zh.wikipedia.org/wiki/殺無赦,high,confirmed,Wikidata: Q104137
oscar,Academy Award for Best Picture,1993,1994,Schindler's List,Schindler's List,舒特拉的名單,,舒特拉的名單,辛德勒的名单,"辛德勒名單, 辛德勒名单, Schindler's List, 辛德勒的名單",史蒂芬·史匹柏,美國,https://awardsdatabase.oscars.org/,https://en.wikipedia.org/wiki/Schindler's_List,https://zh.wikipedia.org/wiki/辛德勒的名单,medium,confirmed,Wikidata: Q483941
oscar,Academy Award for Best Picture,1994,1995,Forrest Gump,Forrest Gump,阿甘正傳,阿甘正傳,阿甘正傳,阿甘正传,"Forrest Gump, 福勒斯特·甘普",羅勃·辛密克斯,美國,https://awardsdatabase.oscars.org/,https://en.wikipedia.org/wiki/Forrest_Gump,https://zh.wikipedia.org/wiki/阿甘正传,high,confirmed,Wikidata: Q134773
oscar,Academy Award for Best Picture,1995,1996,Braveheart,Braveheart,梅爾吉勃遜之英雄本色,梅爾吉勃遜之英雄本色,驚世未了緣,勇敢的心,"Braveheart, 英雄本色, 铁血英雄",梅爾·吉勃遜,美國,https://awardsdatabase.oscars.org/,https://en.wikipedia.org/wiki/Braveheart,https://zh.wikipedia.org/wiki/勇敢的心,high,confirmed,Wikidata: Q162729
oscar,Academy Award for Best Picture,1996,1997,The English Patient,The English Patient,英倫情人,英倫情人,,英倫情人,"战场私情, 英国病人, 別問我是誰",安東尼·明格拉,"英國, 美國",https://awardsdatabase.oscars.org/,https://en.wikipedia.org/wiki/The_English_Patient_(film),https://zh.wikipedia.org/wiki/英倫情人,high,confirmed,Wikidata: Q63026
oscar,Academy Award for Best Picture,1997,1998,Titanic,Titanic,鐵達尼號,鐵達尼號,鐵達尼號,泰坦尼克号,"泰坦尼克号3D, 泰坦尼克, Titanic",詹姆斯·卡麥隆,美國,https://awardsdatabase.oscars.org/,https://en.wikipedia.org/wiki/Titanic_(1997_film),https://zh.wikipedia.org/wiki/泰坦尼克号 (1997年电影),high,confirmed,Wikidata: Q44578
oscar,Academy Award for Best Picture,1998,1999,Shakespeare in Love,Shakespeare in Love,莎翁情史,莎翁情史,寫我深情,莎翁情史,"Shakespeare in Love, 恋爱中的莎士比亚",約翰·麥登,"英國, 美國",https://awardsdatabase.oscars.org/,https://en.wikipedia.org/wiki/Shakespeare_in_Love,https://zh.wikipedia.org/wiki/莎翁情史,high,confirmed,Wikidata: Q182944
oscar,Academy Award for Best Picture,1999,2000,American Beauty,American Beauty,美國心玫瑰情,美國心玫瑰情,,美国丽人,"美国之美, 美麗有罪, 美国佳人, 美國麗人, 美国心玫瑰情, 美国美人, 美国大美人",山姆·曼德斯,美國,https://awardsdatabase.oscars.org/,https://en.wikipedia.org/wiki/American_Beauty_(1999_film),https://zh.wikipedia.org/wiki/美國心玫瑰情,high,confirmed,Wikidata: Q25139
oscar,Academy Award for Best Picture,2000,2001,Gladiator,Gladiator,神鬼戰士,神鬼戰士,帝國驕雄,角斗士,"战斗勇将, 角鬥士",雷利史考特,"英國, 美國",https://awardsdatabase.oscars.org/,https://en.wikipedia.org/wiki/Gladiator_(2000_film),https://zh.wikipedia.org/wiki/角斗士 (电影),high,confirmed,Wikidata: Q128518
oscar,Academy Award for Best Picture,2001,2002,A Beautiful Mind,A Beautiful Mind,,,,,,Brian Grazer and Ron Howard,,https://awardsdatabase.oscars.org/,https://en.wikipedia.org/wiki/A_Beautiful_Mind_(film),,low,pending,
oscar,Academy Award for Best Picture,2002,2003,Chicago,Chicago,芝加哥,芝加哥,芝加哥,芝加哥,Chicago,羅伯·馬歇爾,"美國, 加拿大, 德國",https://awardsdatabase.oscars.org/,https://en.wikipedia.org/wiki/Chicago_(2002_film),https://zh.wikipedia.org/wiki/芝加哥 (電影),high,confirmed,Wikidata: Q189889
oscar,Academy Award for Best Picture,2003,2004,The Lord of the Rings: The Return of the King,The Lord of the Rings: The Return of the King,魔戒三部曲：王者再臨,魔戒三部曲：王者再臨,魔戒三部曲：王者再臨,指环王：王者归来,"魔戒:王者无敌, The Lord of the Rings: The Return of the King, 魔戒三部曲:王者再臨, 魔戒3, 指环王：国王归来, 指环王3, 指环王:王者归来, 魔戒:王者归来",彼得·傑克森,"紐西蘭, 美國",https://awardsdatabase.oscars.org/,https://en.wikipedia.org/wiki/The_Lord_of_the_Rings:_The_Return_of_the_King,https://zh.wikipedia.org/wiki/魔戒三部曲：王者再臨,high,confirmed,Wikidata: Q131074
oscar,Academy Award for Best Picture,2004,2005,Million Dollar Baby,Million Dollar Baby,登峰造擊,登峰造擊,擊情,百万宝贝,"百万美元宝贝, 百万美圆宝贝",克林·伊斯威特,美國,https://awardsdatabase.oscars.org/,https://en.wikipedia.org/wiki/Million_Dollar_Baby,https://zh.wikipedia.org/wiki/登峰造擊,high,confirmed,Wikidata: Q184255
oscar,Academy Award for Best Picture,2005,2006,Crash,Crash,衝擊效應,衝擊效應,撞車,撞车,,保羅·海吉斯,"德國, 美國",https://awardsdatabase.oscars.org/,https://en.wikipedia.org/wiki/Crash_(2004_film),https://zh.wikipedia.org/wiki/衝擊效應,high,confirmed,Wikidata: Q188000
oscar,Academy Award for Best Picture,2006,2007,The Departed,The Departed,神鬼無間,神鬼無間,無間道風雲,无间道风云,"双面刑警, 神鬼无间, The Departed",馬丁·史柯西斯,"美國, 香港",https://awardsdatabase.oscars.org/,https://en.wikipedia.org/wiki/The_Departed,https://zh.wikipedia.org/wiki/無間道風雲,high,confirmed,Wikidata: Q172975
oscar,Academy Award for Best Picture,2007,2008,No Country for Old Men,No Country for Old Men,險路勿近,險路勿近,二百萬奪命奇案,老无所依,"2百萬奪命奇案, 老無所依, 险路勿近, 200萬奪命奇案","伊頓·高安, 祖爾·高安",美國,https://awardsdatabase.oscars.org/,https://en.wikipedia.org/wiki/No_Country_for_Old_Men,https://zh.wikipedia.org/wiki/險路勿近,high,confirmed,Wikidata: Q183081
oscar,Academy Award for Best Picture,2008,2009,Slumdog Millionaire,Slumdog Millionaire,貧民百萬富翁,貧民百萬富翁,一百萬零一夜,贫民窟的百万富翁,"贫民富翁, 賈馬·馬利, Slumdog Millionaire","丹尼·鮑伊, 洛芙琳·坦丹",英國,https://awardsdatabase.oscars.org/,https://en.wikipedia.org/wiki/Slumdog_Millionaire,https://zh.wikipedia.org/wiki/貧民百萬富翁,high,confirmed,Wikidata: Q125076
oscar,Academy Award for Best Picture,2009,2010,The Hurt Locker,The Hurt Locker,危機倒數,危機倒數,拆彈雄心,拆弹部队,"The Hurt Locker, 拆彈部隊, 反恐防暴部队",嘉芙蓮碧格露,美國,https://awardsdatabase.oscars.org/,https://en.wikipedia.org/wiki/The_Hurt_Locker,https://zh.wikipedia.org/wiki/危機倒數,high,confirmed,Wikidata: Q183066
oscar,Academy Award for Best Picture,2010,2011,The King's Speech,The King's Speech,王者之聲：宣戰時刻,王者之聲：宣戰時刻,皇上無話兒,国王的演讲,"The King's Speech, 王者之声：宣战时刻, 國王的演講, 皇上无话儿, 王者之聲",湯姆·霍伯,英國,https://awardsdatabase.oscars.org/,https://en.wikipedia.org/wiki/The_King's_Speech,https://zh.wikipedia.org/wiki/国王的演讲,high,confirmed,Wikidata: Q160060
oscar,Academy Award for Best Picture,2011,2012,The Artist,The Artist,大藝術家,大藝術家,星光夢裏人,艺术家,星光夢裡人,米歇尔·阿扎纳维西于斯,"法國, 比利時",https://awardsdatabase.oscars.org/,https://en.wikipedia.org/wiki/The_Artist_(film),https://zh.wikipedia.org/wiki/艺术家 (电影),high,confirmed,Wikidata: Q171861
oscar,Academy Award for Best Picture,2012,2013,Argo,Argo,亞果出任務,亞果出任務,Argo-救參任務,逃离德黑兰,"ARGO–救參任務, 救參任務, Argo",班·艾佛列克,美國,https://awardsdatabase.oscars.org/,https://en.wikipedia.org/wiki/Argo_(2012_film),https://zh.wikipedia.org/wiki/逃离德黑兰,high,confirmed,Wikidata: Q59653
oscar,Academy Award for Best Picture,2013,2014,12 Years a Slave,12 Years a Slave,自由之心,自由之心,被奪走的12年,为奴十二年,"十二年奴, 为奴十二载",史提夫麥昆,"英國, 美國",https://awardsdatabase.oscars.org/,https://en.wikipedia.org/wiki/12_Years_a_Slave_(film),https://zh.wikipedia.org/wiki/为奴十二年,high,confirmed,Wikidata: Q3023357
oscar,Academy Award for Best Picture,2014,2015,Birdman,Birdman or (The Unexpected Virtue of Ignorance),鳥人,鳥人,飛鳥俠,鸟人,,阿利安卓·崗札雷·伊納利圖,美國,https://awardsdatabase.oscars.org/,https://en.wikipedia.org/wiki/Birdman_(film),https://zh.wikipedia.org/wiki/鳥人 (2014年電影),high,confirmed,Wikidata: Q13255497
oscar,Academy Award for Best Picture,2015,2016,Spotlight,Spotlight,驚爆焦點,驚爆焦點,焦點追擊,驚爆焦點,聚焦,湯瑪士·麥卡錫,美國,https://awardsdatabase.oscars.org/,https://en.wikipedia.org/wiki/Spotlight_(film),https://zh.wikipedia.org/wiki/驚爆焦點,high,confirmed,Wikidata: Q18154496
oscar,Academy Award for Best Picture,2016,2017,Moonlight,Moonlight,月光下的藍色男孩,月光下的藍色男孩,月亮喜歡藍,月光男孩,,巴里·杰金斯,美國,https://awardsdatabase.oscars.org/,https://en.wikipedia.org/wiki/Moonlight_(2016_film),https://zh.wikipedia.org/wiki/月光男孩,high,confirmed,Wikidata: Q21527875
oscar,Academy Award for Best Picture,2017,2018,The Shape of Water,The Shape of Water,水底情深,水底情深,忘形水,水形物语,"The Shape of Water, 水形奇緣, 水形物語",吉勒摩·戴托羅,"美國, 墨西哥",https://awardsdatabase.oscars.org/,https://en.wikipedia.org/wiki/The_Shape_of_Water,https://zh.wikipedia.org/wiki/水底情深,high,confirmed,Wikidata: Q26698156
oscar,Academy Award for Best Picture,2018,2019,Green Book,Green Book,幸福綠皮書,幸福綠皮書,綠簿旅友,绿皮书,,彼得·法雷利,美國,https://awardsdatabase.oscars.org/,https://en.wikipedia.org/wiki/Green_Book_(film),https://zh.wikipedia.org/wiki/幸福綠皮書,high,confirmed,Wikidata: Q48673898
oscar,Academy Award for Best Picture,2019,2020,기생충,Parasite,寄生上流,寄生上流,上流寄生族,寄生虫,寄生蟲,奉俊昊,大韓民國,https://awardsdatabase.oscars.org/,https://en.wikipedia.org/wiki/Parasite_(2019_film),https://zh.wikipedia.org/wiki/寄生上流,high,confirmed,Wikidata: Q61448040
oscar,Academy Award for Best Picture,2020,2021,Nomadland,Nomadland,游牧人生,游牧人生,浪跡天地,無依之地,,趙婷,美國,https://awardsdatabase.oscars.org/,https://en.wikipedia.org/wiki/Nomadland,https://zh.wikipedia.org/wiki/无依之地,high,confirmed,Wikidata: Q61740820
oscar,Academy Award for Best Picture,2021,2022,CODA,CODA,心之旋律,,心之旋律,樂動心旋律,,夏安·海德,"美國, 法國, 加拿大",https://awardsdatabase.oscars.org/,https://en.wikipedia.org/wiki/CODA_(2021_film),https://zh.wikipedia.org/wiki/健听女孩,medium,confirmed,Wikidata: Q104686893
oscar,Academy Award for Best Picture,2022,2023,Everything Everywhere All at Once,Everything Everywhere All at Once,媽的多重宇宙,媽的多重宇宙,奇異女俠玩救宇宙,瞬息全宇宙,"Everything Everwhere All at Once, 天马行空, 一切隨處可見, 天馬行空","關家永, Daniel Scheinert",美國,https://awardsdatabase.oscars.org/,https://en.wikipedia.org/wiki/Everything_Everywhere_All_at_Once,https://zh.wikipedia.org/wiki/媽的多重宇宙,high,confirmed,Wikidata: Q83808444
oscar,Academy Award for Best Picture,2023,2024,Oppenheimer,Oppenheimer,奧本海默,奧本海默,奧本海默,奥本海默,歐本海默,克里斯多福·諾蘭,"美國, 英國",https://awardsdatabase.oscars.org/,https://en.wikipedia.org/wiki/Oppenheimer_(film),https://zh.wikipedia.org/wiki/奧本海默 (電影),high,confirmed,Wikidata: Q108839994
oscar,Academy Award for Best Picture,2024,2025,Anora,Anora,艾諾拉,艾諾拉,阿諾拉,阿诺拉,艾诺拉,西恩·貝克,美國,https://awardsdatabase.oscars.org/,https://en.wikipedia.org/wiki/Anora,https://zh.wikipedia.org/wiki/阿诺拉,high,confirmed,Wikidata: Q123185887
oscar,Academy Award for Best Picture,2025,2026,One Battle After Another,One Battle After Another,一戰再戰,一戰再戰,,一戰再戰,一场又一场的战斗,保羅·湯馬士·安德遜,美國,https://awardsdatabase.oscars.org/,https://en.wikipedia.org/wiki/One_Battle_After_Another,https://zh.wikipedia.org/wiki/一戰再戰,high,confirmed,Wikidata: Q117085614
cannes,Palme d'Or,1946,1946,Brief Encounter,Brief Encounter,偷情記,,偷情記,相见恨晚,,大衛·連,英國,https://www.festival-cannes.com/en/,https://en.wikipedia.org/wiki/Brief_Encounter,,low,pending,Wikidata: Q814296; Cannes 1946 tied winner (Grand Prix du Festival International du Film)
cannes,Palme d'Or,1946,1946,Die letzte Chance,The Last Chance,最後的機會,,,最後的機會,,利奥波德·林特贝格,瑞士,https://www.festival-cannes.com/en/,https://en.wikipedia.org/wiki/The_Last_Chance_(1945_film),,low,pending,Wikidata: Q671940; Cannes 1946 tied winner (Grand Prix du Festival International du Film)
cannes,Palme d'Or,1946,1946,The Lost Weekend,The Lost Weekend,失去的週末,失去的週末,醉鄉遺恨,失去的周末,"醉乡遗恨, 失去的周未",比利·懷德,美國,https://www.festival-cannes.com/en/,https://en.wikipedia.org/wiki/The_Lost_Weekend,https://zh.wikipedia.org/wiki/失去的週末,high,confirmed,Wikidata: Q237134; Cannes 1946 tied winner (Grand Prix du Festival International du Film)
cannes,Palme d'Or,1946,1946,María Candelaria,María Candelaria,瑪利亞·康德萊麗亞,,,瑪利亞·康德萊麗亞,,埃米利奥·费尔南德斯,墨西哥,https://www.festival-cannes.com/en/,https://en.wikipedia.org/wiki/María_Candelaria,,low,pending,Wikidata: Q2578176; Cannes 1946 tied winner (Grand Prix du Festival International du Film)
cannes,Palme d'Or,1946,1946,Muži bez křídel,Men Without Wings,沒有翅膀的男人,,,沒有翅膀的男人,,弗朗蒂塞克·卡普,捷克斯洛伐克,https://www.festival-cannes.com/en/,https://en.wikipedia.org/wiki/Men_Without_Wings,,low,pending,Wikidata: Q2280650; Cannes 1946 tied winner (Grand Prix du Festival International du Film)
cannes,Palme d'Or,1946,1946,नीचा नगर,Neecha Nagar,下層都市,,,下層都市,,契坦·阿南德,英屬印度,https://www.festival-cannes.com/en/,https://en.wikipedia.org/wiki/Neecha_Nagar,,low,pending,Wikidata: Q427915; Cannes 1946 tied winner (Grand Prix du Festival International du Film)
cannes,Palme d'Or,1946,1946,La Symphonie pastorale,Pastoral Symphony,田園交響曲,,,田園交響曲,,让·德拉努瓦,法國,https://www.festival-cannes.com/en/,https://en.wikipedia.org/wiki/Pastoral_Symphony_(film),,low,pending,Wikidata: Q2553634; Cannes 1946 tied winner (Grand Prix du Festival International du Film)
cannes,Palme d'Or,1946,1946,De røde enge,The Red Meadows,大地將變成紅色,,,大地將變成紅色,,"波迪爾·伊普森, 小劉·勞里岑",丹麥,https://www.festival-cannes.com/en/,https://en.wikipedia.org/wiki/The_Red_Meadows,,low,pending,Wikidata: Q1757020; Cannes 1946 tied winner (Grand Prix du Festival International du Film)
cannes,Palme d'Or,1946,1946,Roma città aperta,"Rome, Open City",不設防城市,不設防城市,不設防城市,不设防城市,"羅馬不設防, 罗马不设防",羅西里尼,義大利王國,https://www.festival-cannes.com/en/,"https://en.wikipedia.org/wiki/Rome,_Open_City",https://zh.wikipedia.org/wiki/罗马，不设防的城市,high,confirmed,Wikidata: Q721146; Cannes 1946 tied winner (Grand Prix du Festival International du Film)
cannes,Palme d'Or,1946,1946,Hets,Torment,折磨,,,折磨,,歐夫·荀柏格,瑞典,https://www.festival-cannes.com/en/,https://en.wikipedia.org/wiki/Torment_(1944_film),,low,pending,Wikidata: Q2290980; Cannes 1946 tied winner (Grand Prix du Festival International du Film)
cannes,Palme d'Or,1946,1946,Великий перелом,The Turning Point,轉折點（1945年電影）,,,轉折點（1945年電影）,,弗雷德里希·埃姆勒,蘇聯,https://www.festival-cannes.com/en/,https://en.wikipedia.org/wiki/The_Turning_Point_(1945_film),,low,pending,Wikidata: Q945852; Cannes 1946 tied winner (Grand Prix du Festival International du Film)
cannes,Palme d'Or,1947,1947,Antoine et Antoinette,Antoine and Antoinette (Best Psychological & Love Film),安东与安东妮,,,安东与安东妮,,積葵·貝克,法國,https://www.festival-cannes.com/en/,https://en.wikipedia.org/wiki/Antoine_and_Antoinette,,low,pending,Wikidata: Q2279661
cannes,Palme d'Or,1947,1947,Crossfire,Crossfire (Best Social Film),雙雄鬥智,,雙雄鬥智,雙雄鬥智,,愛德華·迪麥雷克,美國,https://www.festival-cannes.com/en/,https://en.wikipedia.org/wiki/Crossfire_(film),,low,pending,Wikidata: Q632718
cannes,Palme d'Or,1947,1947,Dumbo,Dumbo (Best Animation Design),小飞象,,,小飞象,小飛象,"本·夏普斯廷, 諾姆·弗古森, 威孚瑞·傑克森, Bill Roberts, 傑克·金尼, 塞缪尔·阿姆斯特朗",美國,https://www.festival-cannes.com/en/,https://en.wikipedia.org/wiki/Dumbo,https://zh.wikipedia.org/wiki/小飞象,medium,needs_source,Wikidata: Q40895
cannes,Palme d'Or,1947,1947,Les Maudits,The Damned (Best Adventure & Crime Film),詛咒合唱團,,,詛咒合唱團,,雷尼·克萊曼,法國,https://www.festival-cannes.com/en/,https://en.wikipedia.org/wiki/The_Damned_(1947_film),,low,pending,Wikidata: Q3233764
cannes,Palme d'Or,1947,1947,Ziegfeld Follies,Ziegfeld Follies (Best Musical Comedy),昔飛路歌舞團,,昔飛路歌舞團,齐格菲歌舞团,,"羅伊·德爾·鲁斯, 雲仙·明里尼, 乔治·希尼, 查尔斯·沃尔特斯, Robert Lewis, 梅里爾·派, 那文·德樂",美國,https://www.festival-cannes.com/en/,https://en.wikipedia.org/wiki/Ziegfeld_Follies_(film),,low,pending,Wikidata: Q2186004
cannes,Palme d'Or,1949,1949,The Third Man,The Third Man,黑獄亡魂,黑獄亡魂,黑獄亡魂,第三人,"黑狱亡魂, 第三个人",卡勞烈,英國,https://www.festival-cannes.com/en/,https://en.wikipedia.org/wiki/The_Third_Man,https://zh.wikipedia.org/wiki/黑獄亡魂,high,confirmed,Wikidata: Q271830
cannes,Palme d'Or,1951,1951,Miracolo a Milano,Miracle in Milan,米蘭奇蹟,米蘭奇蹟,,米蘭奇蹟,,維多里奧·狄西嘉,義大利,https://www.festival-cannes.com/en/,https://en.wikipedia.org/wiki/Miracle_in_Milan,,high,confirmed,Wikidata: Q1170844
cannes,Palme d'Or,1951,1951,Fröken Julie,Miss Julie,茱莉小姐,,,茱莉小姐,,歐夫·荀柏格,瑞典,https://www.festival-cannes.com/en/,https://en.wikipedia.org/wiki/Miss_Julie_(1951_film),,low,pending,Wikidata: Q1471325
cannes,Palme d'Or,1952,1952,Othello,Othello,黑將軍奧瑟羅,,黑將軍奧瑟羅,奥赛罗 (1952年电影),,奧森·威爾斯,美國,https://www.festival-cannes.com/en/,https://en.wikipedia.org/wiki/Othello_(1951_film),,low,pending,Wikidata: Q2704454
cannes,Palme d'Or,1952,1952,Due soldi di speranza,Two Cents Worth of Hope,兩分錢的希望,,,兩分錢的希望,,雷納多·卡斯特拉尼,義大利,https://www.festival-cannes.com/en/,https://en.wikipedia.org/wiki/Two_Cents_Worth_of_Hope,,low,pending,Wikidata: Q2459872
cannes,Palme d'Or,1953,1953,Le Salaire de la peur,The Wages of Fear,恐怖的報酬,恐怖的報酬,死亡邊緣,恐惧的代价,,亨利-喬治·克魯佐,"法國, 義大利",https://www.festival-cannes.com/en/,https://en.wikipedia.org/wiki/The_Wages_of_Fear,https://zh.wikipedia.org/wiki/恐惧的代价,high,confirmed,Wikidata: Q465773
cannes,Palme d'Or,1954,1954,地獄門,Gate of Hell,地獄門,,地獄門,地獄門,,衣笠貞之助,日本,https://www.festival-cannes.com/en/,https://en.wikipedia.org/wiki/Gate_of_Hell_(film),https://zh.wikipedia.org/wiki/地獄門,medium,needs_source,Wikidata: Q862708
cannes,Palme d'Or,1955,1955,Marty,Marty §,馬蒂,馬蒂,君子好逑,马蒂,,德爾伯特·曼,美國,https://www.festival-cannes.com/en/,https://en.wikipedia.org/wiki/Marty_(film),https://zh.wikipedia.org/wiki/君子好逑 (美國電影),high,confirmed,Wikidata: Q237116
cannes,Palme d'Or,1956,1956,Le Monde du silence,The Silent World,七海獵奇,七海獵奇,七海獵奇,七海獵奇,,"雅克-伊夫·库斯托, 路易·馬盧","法國, 義大利",https://www.festival-cannes.com/en/,https://en.wikipedia.org/wiki/The_Silent_World,,high,confirmed,Wikidata: Q289648
cannes,Palme d'Or,1957,1957,Friendly Persuasion,Friendly Persuasion,四海一家,,四海一家,四海一家,,威廉·惠勒,美國,https://www.festival-cannes.com/en/,https://en.wikipedia.org/wiki/Friendly_Persuasion_(1956_film),,low,pending,Wikidata: Q1621402
cannes,Palme d'Or,1958,1958,Летят журавли,The Cranes Are Flying,仙鶴飛翔,,仙鶴飛翔,雁南飞,,米哈伊爾·卡拉托佐夫,蘇聯,https://www.festival-cannes.com/en/,https://en.wikipedia.org/wiki/The_Cranes_Are_Flying,https://zh.wikipedia.org/wiki/雁南飞,medium,needs_source,Wikidata: Q714524
cannes,Palme d'Or,1959,1959,Orfeu Negro,Black Orpheus §,人生長恨水長東,,人生長恨水長東,黑人奥菲尔,,马塞尔·加缪,"法國, 巴西, 義大利",https://www.festival-cannes.com/en/,https://en.wikipedia.org/wiki/Black_Orpheus,,low,pending,Wikidata: Q538266
cannes,Palme d'Or,1960,1960,La dolce vita §,La dolce vita §,,,,,,Federico Fellini,Italy,https://www.festival-cannes.com/en/,https://en.wikipedia.org/wiki/La_dolce_vita,,low,pending,
cannes,Palme d'Or,1961,1961,Une aussi longue absence,The Long Absence §,長時間缺席,,,長時間缺席,,昂希·柯比,法國,https://www.festival-cannes.com/en/,https://en.wikipedia.org/wiki/The_Long_Absence,,low,pending,Wikidata: Q2661411
cannes,Palme d'Or,1961,1961,Viridiana,Viridiana §,維莉狄雅娜,維莉狄雅娜,,維莉迪安娜,,路易斯·布努埃尔,"墨西哥, 西班牙",https://www.festival-cannes.com/en/,https://en.wikipedia.org/wiki/Viridiana,https://zh.wikipedia.org/wiki/維莉蒂安娜,high,confirmed,Wikidata: Q852841
cannes,Palme d'Or,1962,1962,O Pagador de Promessas,O Pagador de Promessas §,诺言 (1962年电影),,,诺言 (1962年电影),,安塞尔莫·杜阿尔特,巴西,https://www.festival-cannes.com/en/,https://en.wikipedia.org/wiki/O_Pagador_de_Promessas,,low,pending,Wikidata: Q1482269
cannes,Palme d'Or,1963,1963,Le Guépard,The Leopard §,浩氣蓋山河,浩氣蓋山河,氣蓋山河,氣蓋山河,"豹, 豹王子",卢奇诺·维斯孔蒂,"法國, 義大利",https://www.festival-cannes.com/en/,https://en.wikipedia.org/wiki/The_Leopard_(1963_film),https://zh.wikipedia.org/wiki/氣蓋山河,high,confirmed,Wikidata: Q596623
cannes,Palme d'Or,1964,1964,Les Parapluies de Cherbourg,The Umbrellas of Cherbourg,愛果情花,,愛果情花,瑟堡的雨伞,,傑克·德米,"法國, 西德",https://www.festival-cannes.com/en/,https://en.wikipedia.org/wiki/The_Umbrellas_of_Cherbourg,https://zh.wikipedia.org/wiki/秋水伊人 (電影),medium,needs_source,Wikidata: Q163868
cannes,Palme d'Or,1965,1965,The Knack ...and How to Get It,The Knack ...and How to Get It,色情男女,,色情男女,色情男女,,理查德·莱斯特,英國,https://www.festival-cannes.com/en/,https://en.wikipedia.org/wiki/The_Knack_...and_How_to_Get_It,,low,pending,Wikidata: Q1198726
cannes,Palme d'Or,1966,1966,Signore & signori,"The Birds, the Bees and the Italians",意大利慾潮,,意大利慾潮,意大利慾潮,,皮亞托·傑米,"義大利, 法國",https://www.festival-cannes.com/en/,"https://en.wikipedia.org/wiki/The_Birds,_the_Bees_and_the_Italians",,low,pending,Wikidata: Q319275
cannes,Palme d'Or,1966,1966,Un homme et une femme,A Man and a Woman,男與女,男與女,男歡女愛,一个男人和一个女人,男欢女爱,李勞治,法國,https://www.festival-cannes.com/en/,https://en.wikipedia.org/wiki/A_Man_and_a_Woman,https://zh.wikipedia.org/wiki/一个男人和一个女人,high,confirmed,Wikidata: Q261403
cannes,Palme d'Or,1967,1967,Blowup,Blowup,春光乍現,春光乍現,,放大,春光乍洩,安東尼奧尼,"英國, 義大利",https://www.festival-cannes.com/en/,https://en.wikipedia.org/wiki/Blowup,https://zh.wikipedia.org/wiki/春光乍現,high,confirmed,Wikidata: Q658204
cannes,Palme d'Or,1969,1969,If....,If....,如果…,,如果…,如果…,"If...., 如果……",林賽·安德森,英國,https://www.festival-cannes.com/en/,https://en.wikipedia.org/wiki/If....,https://zh.wikipedia.org/wiki/如果…,medium,needs_source,Wikidata: Q1346745
cannes,Palme d'Or,1970,1970,MASH,M*A*S*H,外科醫生,外科醫生,風流軍醫俏護士,風流軍醫俏護士,"外科醫師, 陆军野战医院, 战地嬉春",勞勃·阿特曼,美國,https://www.festival-cannes.com/en/,https://en.wikipedia.org/wiki/M*A*S*H_(film),https://zh.wikipedia.org/wiki/風流軍醫俏護士,high,confirmed,Wikidata: Q494085
cannes,Palme d'Or,1971,1971,The Go-Between,The Go-Between,幽情密使,,,幽情密使,,約瑟夫·羅西,英國,https://www.festival-cannes.com/en/,https://en.wikipedia.org/wiki/The_Go-Between_(1971_film),,low,pending,Wikidata: Q664020
cannes,Palme d'Or,1972,1972,Il caso Mattei,The Mattei Affair §,企业家之死,,,企业家之死,,法蘭西斯科‧羅西,義大利,https://www.festival-cannes.com/en/,https://en.wikipedia.org/wiki/The_Mattei_Affair,,low,pending,Wikidata: Q2755251
cannes,Palme d'Or,1972,1972,La classe operaia va in paradiso,The Working Class Goes to Heaven §,勞工階級進天堂,,,勞工階級進天堂,,艾利歐·派特立,義大利,https://www.festival-cannes.com/en/,https://en.wikipedia.org/wiki/The_Working_Class_Goes_to_Heaven,,low,pending,Wikidata: Q1197936
cannes,Palme d'Or,1973,1973,The Hireling,The Hireling,受雇者,,,受雇者,,艾倫·布里吉斯,英國,https://www.festival-cannes.com/en/,https://en.wikipedia.org/wiki/The_Hireling,,low,pending,Wikidata: Q1118527
cannes,Palme d'Or,1973,1973,Scarecrow,Scarecrow,流浪奇男子,流浪奇男子,同是天涯淪落人,同是天涯淪落人,,傑瑞·沙茲堡,美國,https://www.festival-cannes.com/en/,https://en.wikipedia.org/wiki/Scarecrow_(1973_film),,high,confirmed,Wikidata: Q1344329
cannes,Palme d'Or,1974,1974,The Conversation,The Conversation,對話,對話,竊聽大陰謀,窃听大阴谋,,法蘭西斯·柯波拉,美國,https://www.festival-cannes.com/en/,https://en.wikipedia.org/wiki/The_Conversation,,high,confirmed,Wikidata: Q1009788
cannes,Palme d'Or,1975,1975,Chronique des années de braise,Chronicle of the Years of Fire,烽火歲月誌,,,烽火歲月誌,,穆罕默德·拉卡達-哈米納,阿爾及利亞,https://www.festival-cannes.com/en/,https://en.wikipedia.org/wiki/Chronicle_of_the_Years_of_Fire,,low,pending,Wikidata: Q2713929
cannes,Palme d'Or,1976,1976,Taxi Driver,Taxi Driver,計程車司機,計程車司機,的士司機,出租车司机,"Taxi Driver, 痴情司机",馬丁·史柯西斯,美國,https://www.festival-cannes.com/en/,https://en.wikipedia.org/wiki/Taxi_Driver,https://zh.wikipedia.org/wiki/的士司機 (1976年電影),high,confirmed,Wikidata: Q47221
cannes,Palme d'Or,1977,1977,Padre padrone,Padre Padrone,我父我主,,,我父我主,,"Paolo Taviani, Vittorio Taviani",義大利,https://www.festival-cannes.com/en/,https://en.wikipedia.org/wiki/Padre_Padrone,https://zh.wikipedia.org/wiki/我父我主,medium,confirmed,Wikidata: Q527598
cannes,Palme d'Or,1978,1978,L'albero degli zoccoli,The Tree of Wooden Clogs §,木屐樹,,,木屐樹,,艾曼諾·奧米,義大利,https://www.festival-cannes.com/en/,https://en.wikipedia.org/wiki/The_Tree_of_Wooden_Clogs,,low,pending,Wikidata: Q1194413
cannes,Palme d'Or,1979,1979,Apocalypse Now,Apocalypse Now,現代啟示錄,現代啟示錄,現代啟示錄,现代启示录,,法蘭西斯·柯波拉,美國,https://www.festival-cannes.com/en/,https://en.wikipedia.org/wiki/Apocalypse_Now,https://zh.wikipedia.org/wiki/现代启示录,high,confirmed,Wikidata: Q182692
cannes,Palme d'Or,1979,1979,Die Blechtrommel,The Tin Drum,鐵皮鼓,,,铁皮鼓,拒絕長大的男生,沃克·施隆多夫,"法國, 德國, 波蘭, 南斯拉夫",https://www.festival-cannes.com/en/,https://en.wikipedia.org/wiki/The_Tin_Drum_(film),https://zh.wikipedia.org/wiki/鐵皮鼓 (電影),medium,confirmed,Wikidata: Q313764
cannes,Palme d'Or,1980,1980,All That Jazz,All That Jazz,爵士春秋,,爵士春秋,爵士春秋,浮生若夢,卜科西,美國,https://www.festival-cannes.com/en/,https://en.wikipedia.org/wiki/All_That_Jazz_(film),https://zh.wikipedia.org/wiki/爵士春秋,medium,confirmed,Wikidata: Q1353441
cannes,Palme d'Or,1980,1980,影武者,Kagemusha,影武者,,影武者,影武者,,黑澤明,日本,https://www.festival-cannes.com/en/,https://en.wikipedia.org/wiki/Kagemusha,https://zh.wikipedia.org/wiki/影武者 (電影),medium,confirmed,Wikidata: Q854990
cannes,Palme d'Or,1981,1981,Człowiek z żelaza,Man of Iron,波蘭鐵人,波蘭鐵人,,铁人 (电影),,安德烈·華依達,波蘭,https://www.festival-cannes.com/en/,https://en.wikipedia.org/wiki/Man_of_Iron,https://zh.wikipedia.org/wiki/铁人 (波兰电影),high,confirmed,Wikidata: Q959682
cannes,Palme d'Or,1982,1982,Missing,Missing §,大失踪,,,大失踪,,科斯塔·加夫拉斯,美國,https://www.festival-cannes.com/en/,https://en.wikipedia.org/wiki/Missing_(1982_film),,low,pending,Wikidata: Q400985
cannes,Palme d'Or,1982,1982,Yol,Yol §,自由之路,,自由之路,自由之路,,"尤馬茲·瑾尼, 雪利夫·果倫",土耳其,https://www.festival-cannes.com/en/,https://en.wikipedia.org/wiki/Yol_(film),,low,pending,Wikidata: Q683020
cannes,Palme d'Or,1983,1983,楢山節考,The Ballad of Narayama,楢山節考,,楢山節考,楢山节考,,今村昌平,日本,https://www.festival-cannes.com/en/,https://en.wikipedia.org/wiki/The_Ballad_of_Narayama_(1983_film),https://zh.wikipedia.org/wiki/楢山节考 (1983年电影),medium,confirmed,Wikidata: Q1140513
cannes,Palme d'Or,1984,1984,"Paris, Texas","Paris, Texas §",巴黎，德州,巴黎，德州,,巴黎，德州,德州巴黎,文·溫德斯,"法國, 德國",https://www.festival-cannes.com/en/,"https://en.wikipedia.org/wiki/Paris,_Texas_(film)",https://zh.wikipedia.org/wiki/巴黎，德州,high,confirmed,Wikidata: Q160946
cannes,Palme d'Or,1985,1985,Otac na službenom putu,When Father Was Away on Business §,爸爸離家上班去,,爸爸離家上班去,爸爸出差時,爸爸去出差,艾米爾·庫斯杜力卡,南斯拉夫社會主義聯邦共和國,https://www.festival-cannes.com/en/,https://en.wikipedia.org/wiki/When_Father_Was_Away_on_Business,https://zh.wikipedia.org/wiki/爸爸出差時,medium,confirmed,Wikidata: Q433000
cannes,Palme d'Or,1986,1986,The Mission,The Mission,教會,教會,,战火浮生,"教会, 戰火浮生",羅蘭·佐夫,"英國, 法國",https://www.festival-cannes.com/en/,https://en.wikipedia.org/wiki/The_Mission_(1986_film),https://zh.wikipedia.org/wiki/战火浮生,high,confirmed,Wikidata: Q302490
cannes,Palme d'Or,1987,1987,Sous le soleil de Satan,Under the Sun of Satan §,惡魔天空下,,,惡魔天空下,,莫里斯·皮亞勒,法國,https://www.festival-cannes.com/en/,https://en.wikipedia.org/wiki/Under_the_Sun_of_Satan_(film),,low,pending,Wikidata: Q389971
cannes,Palme d'Or,1988,1988,Pelle Erobreren,Pelle the Conqueror,赤子雄心,,赤子雄心,征服者佩尔,,比利·奧古斯特,"瑞典, 丹麥",https://www.festival-cannes.com/en/,https://en.wikipedia.org/wiki/Pelle_the_Conqueror,https://zh.wikipedia.org/wiki/比利小英雄,medium,confirmed,Wikidata: Q370707
cannes,Palme d'Or,1989,1989,"Sex, Lies, and Videotape","Sex, Lies, and Videotape",性、謊言、錄影帶,性、謊言、錄影帶,性感的謊言,性、謊言、錄影帶,"性、谎言和录影带, 性、谎言和录像带, 性感的谎言, Sex, Lies, and Videotape, 性、謊言和錄像帶, 性、谎言、录影带, 性，謊言，錄影帶",史蒂文·索德伯格,美國,https://www.festival-cannes.com/en/,"https://en.wikipedia.org/wiki/Sex,_Lies,_and_Videotape",https://zh.wikipedia.org/wiki/性、謊言、錄影帶,high,confirmed,Wikidata: Q1367548
cannes,Palme d'Or,1990,1990,Wild at Heart,Wild at Heart,我心狂野,,,我心狂野,"野性的心, 欲火焚心",大衛·林區,美國,https://www.festival-cannes.com/en/,https://en.wikipedia.org/wiki/Wild_at_Heart_(film),https://zh.wikipedia.org/wiki/我心狂野,medium,confirmed,Wikidata: Q751382
cannes,Palme d'Or,1991,1991,Barton Fink,Barton Fink §,巴頓芬克,巴頓芬克,才子夢驚魂,巴顿·芬克,"才子惊魂梦, Barton Fink","祖爾·高安, 伊頓·高安","美國, 英國",https://www.festival-cannes.com/en/,https://en.wikipedia.org/wiki/Barton_Fink,https://zh.wikipedia.org/wiki/巴顿芬克,high,confirmed,Wikidata: Q237215
cannes,Palme d'Or,1992,1992,Den goda viljan,The Best Intentions,善意的背叛,,,善意的背叛,,比利·奧古斯特,瑞典,https://www.festival-cannes.com/en/,https://en.wikipedia.org/wiki/The_Best_Intentions,,low,pending,Wikidata: Q1217937
cannes,Palme d'Or,1993,1993,霸王別姬,Farewell My Concubine,霸王別姬,霸王別姬,霸王別姬,霸王別姬,霸王别姬,陳凱歌,中華人民共和國,https://www.festival-cannes.com/en/,https://en.wikipedia.org/wiki/Farewell_My_Concubine_(film),https://zh.wikipedia.org/wiki/霸王別姬 (電影),high,confirmed,Wikidata: Q696413
cannes,Palme d'Or,1993,1993,The Piano,The Piano,鋼琴師和她的情人,鋼琴師和她的情人,鋼琴別戀,钢琴课,"琴挑怨妇心, The Piano, 鋼琴師與她的情人",珍·康萍,"法國, 澳洲, 紐西蘭",https://www.festival-cannes.com/en/,https://en.wikipedia.org/wiki/The_Piano,https://zh.wikipedia.org/wiki/鋼琴別戀,high,confirmed,Wikidata: Q117315
cannes,Palme d'Or,1994,1994,Pulp Fiction,Pulp Fiction,黑色追緝令,黑色追緝令,危險人物,低俗小说,"Pulp Fiction, 恶人故事",昆頓·塔倫天奴,美國,https://www.festival-cannes.com/en/,https://en.wikipedia.org/wiki/Pulp_Fiction,https://zh.wikipedia.org/wiki/低俗小说,high,confirmed,Wikidata: Q104123
cannes,Palme d'Or,1995,1995,Подземље,Underground,地下社會,,,地下社會,"沒有天空的都市, 再见吧，南斯拉夫",艾米爾·庫斯杜力卡,"法國, 德國, 保加利亞, 匈牙利, 捷克, 南斯拉夫联盟共和国, 南斯拉夫",https://www.festival-cannes.com/en/,https://en.wikipedia.org/wiki/Underground_(1995_film),https://zh.wikipedia.org/wiki/地下社會 (電影),medium,confirmed,Wikidata: Q156516
cannes,Palme d'Or,1996,1996,Secrets & Lies,Secrets & Lies,秘密與謊言,秘密與謊言,,秘密與謊言,,麥克·李,英國,https://www.festival-cannes.com/en/,https://en.wikipedia.org/wiki/Secrets_&_Lies_(film),https://zh.wikipedia.org/wiki/秘密與謊言 (電影),high,confirmed,Wikidata: Q391172
cannes,Palme d'Or,1997,1997,うなぎ,The Eel,鰻魚,,鰻魚,鰻魚,鳗鱼,今村昌平,日本,https://www.festival-cannes.com/en/,https://en.wikipedia.org/wiki/The_Eel_(film),https://zh.wikipedia.org/wiki/鰻魚 (電影),medium,confirmed,Wikidata: Q1156892
cannes,Palme d'Or,1997,1997,طعم گيلاس,Taste of Cherry,櫻桃的滋味,,,樱桃的滋味,,阿巴斯·基亚罗斯塔米,伊朗,https://www.festival-cannes.com/en/,https://en.wikipedia.org/wiki/Taste_of_Cherry,https://zh.wikipedia.org/wiki/櫻桃的滋味,medium,confirmed,Wikidata: Q794178
cannes,Palme d'Or,1998,1998,Μια αιωνιότητα και μια μέρα,Eternity and a Day §,一生何求,,一生何求,永恒与一天,永遠的一天,狄奧·安哲羅普洛斯,"希臘, 法國, 德國, 義大利",https://www.festival-cannes.com/en/,https://en.wikipedia.org/wiki/Eternity_and_a_Day,https://zh.wikipedia.org/wiki/永恒与一天,medium,confirmed,Wikidata: Q697770
cannes,Palme d'Or,1999,1999,Rosetta,Rosetta §,露茜妲,,露茜妲,罗塞塔,美麗羅賽塔,"吕克·达内, 让-皮埃尔·达内","比利時, 法國",https://www.festival-cannes.com/en/,https://en.wikipedia.org/wiki/Rosetta_(film),https://zh.wikipedia.org/wiki/美麗蘿賽塔,medium,confirmed,Wikidata: Q1907380
cannes,Palme d'Or,2000,2000,Dancer in the Dark,Dancer in the Dark,在黑暗中漫舞,在黑暗中漫舞,天黑黑,黑暗中的舞者,Dancer in the Dark,拉斯·馮·提爾,"丹麥, 瑞典, 德國, 阿根廷, 美國, 英國, 義大利, 法國, 荷蘭, 冰島, 挪威, 芬蘭, 西班牙",https://www.festival-cannes.com/en/,https://en.wikipedia.org/wiki/Dancer_in_the_Dark,https://zh.wikipedia.org/wiki/黑暗中的舞者,high,confirmed,Wikidata: Q110365
cannes,Palme d'Or,2001,2001,La stanza del figlio,The Son's Room,人間有情天,,,人間有情天,"儿子的房间, 生命中的最痛",南尼·莫瑞提,"義大利, 法國",https://www.festival-cannes.com/en/,https://en.wikipedia.org/wiki/The_Son's_Room,https://zh.wikipedia.org/wiki/人間有情天,medium,confirmed,Wikidata: Q530812
cannes,Palme d'Or,2002,2002,The Pianist,The Pianist,戰地琴人,戰地琴人,鋼琴戰曲,钢琴家,鋼琴家,羅曼·波蘭斯基,"法國, 德國, 英國, 波蘭, 美國",https://www.festival-cannes.com/en/,https://en.wikipedia.org/wiki/The_Pianist_(2002_film),https://zh.wikipedia.org/wiki/钢琴家 (电影),high,confirmed,Wikidata: Q150804
cannes,Palme d'Or,2003,2003,Elephant,Elephant,大象,大象,大象,大象,美國暴力學校,葛斯·范桑,美國,https://www.festival-cannes.com/en/,https://en.wikipedia.org/wiki/Elephant_(2003_film),https://zh.wikipedia.org/wiki/大象 (電影),high,confirmed,Wikidata: Q1163943
cannes,Palme d'Or,2004,2004,Fahrenheit 9/11,Fahrenheit 9/11,華氏911,華氏911,華氏911,华氏911,"華氏9/11, 华氏沸点9/11",麥可·摩爾,美國,https://www.festival-cannes.com/en/,https://en.wikipedia.org/wiki/Fahrenheit_9/11,https://zh.wikipedia.org/wiki/華氏911,high,confirmed,Wikidata: Q221852
cannes,Palme d'Or,2005,2005,L’Enfant,L'Enfant,孩子,,,孩子,半熟爸爸,"吕克·达内, 让-皮埃尔·达内","比利時, 法國",https://www.festival-cannes.com/en/,https://en.wikipedia.org/wiki/L'Enfant_(film),https://zh.wikipedia.org/wiki/孩子 (電影),medium,confirmed,Wikidata: Q466024
cannes,Palme d'Or,2006,2006,The Wind That Shakes the Barley,The Wind That Shakes the Barley §,風吹麥動,,風吹麥動,风吹麦浪,,肯·洛區,"英國, 愛爾蘭, 德國, 義大利, 西班牙, 法國, 比利時, 瑞士",https://www.festival-cannes.com/en/,https://en.wikipedia.org/wiki/The_Wind_That_Shakes_the_Barley_(film),https://zh.wikipedia.org/wiki/風吹稻浪,medium,confirmed,Wikidata: Q827106
cannes,Palme d'Or,2007,2007,"4 luni, 3 săptămâni și 2 zile","4 Months, 3 Weeks and 2 Days",4月3週又2天,4月3週又2天,4月3周2日－墮胎日記,4月3週又2天,"4个月3星期零2天, 四月三周两天, 4月3周又2天, 4個月3星期零2天",克里斯汀·穆基,"羅馬尼亞, 比利時",https://www.festival-cannes.com/en/,"https://en.wikipedia.org/wiki/4_Months,_3_Weeks_and_2_Days",https://zh.wikipedia.org/wiki/4月3週又2天,high,confirmed,Wikidata: Q238245
cannes,Palme d'Or,2008,2008,Entre les murs,The Class §,我和我的小鬼們,我和我的小鬼們,課室風雲,围墙之间,"课室风云, 高中课堂, 我和我的小鬼们, 牆壁之間",洛宏·康鐵,法國,https://www.festival-cannes.com/en/,https://en.wikipedia.org/wiki/The_Class_(2008_film),https://zh.wikipedia.org/wiki/墙壁之间,high,confirmed,Wikidata: Q1139259
cannes,Palme d'Or,2009,2009,Das weiße Band – Eine deutsche Kindergeschichte,The White Ribbon,白色緞带,白色緞带,白色恐懼,白丝带,,麥可·漢內克,"法國, 德國, 奧地利, 義大利",https://www.festival-cannes.com/en/,https://en.wikipedia.org/wiki/The_White_Ribbon,https://zh.wikipedia.org/wiki/白色緞帶,high,confirmed,Wikidata: Q158023
cannes,Palme d'Or,2010,2010,ลุงบุญมีระลึกชาติ,Uncle Boonmee Who Can Recall His Past Lives,波米叔叔的前世今生,波米叔叔的前世今生,波米叔叔的前世今生,波米叔叔的前世今生,"能召回前世的汶密叔叔, 記憶前世的人, 能召回前世的布米叔叔",阿比查邦·韋拉斯塔古,"泰國, 法國",https://www.festival-cannes.com/en/,https://en.wikipedia.org/wiki/Uncle_Boonmee_Who_Can_Recall_His_Past_Lives,https://zh.wikipedia.org/wiki/波米叔叔的前世今生,high,confirmed,Wikidata: Q553901
cannes,Palme d'Or,2011,2011,The Tree of Life,The Tree of Life,永生樹,永生樹,生命樹,生命之树,,泰倫斯·馬利克,美國,https://www.festival-cannes.com/en/,https://en.wikipedia.org/wiki/The_Tree_of_Life_(film),https://zh.wikipedia.org/wiki/生命樹 (電影),high,confirmed,Wikidata: Q244257
cannes,Palme d'Or,2012,2012,Amour,Amour,愛,,愛,爱,愛·慕,麥可·漢內克,"法國, 德國, 奧地利",https://www.festival-cannes.com/en/,https://en.wikipedia.org/wiki/Amour_(2012_film),https://zh.wikipedia.org/wiki/爱 (法语电影),medium,confirmed,Wikidata: Q637820
cannes,Palme d'Or,2013,2013,La Vie d'Adèle : Chapitres 1 et 2,Blue Is the Warmest Colour §,接近無限溫暖的藍,,接近無限溫暖的藍,阿黛尔的生活,"阿黛尔的人生, 藍是最溫暖的顏色, 藍色是最溫暖的顏色, 阿黛兒的人生：第一章跟第二章",阿必迪拉堅志芝,"法國, 比利時, 西班牙",https://www.festival-cannes.com/en/,https://en.wikipedia.org/wiki/Blue_Is_the_Warmest_Colour,https://zh.wikipedia.org/wiki/阿黛尔的生活,medium,confirmed,Wikidata: Q11648811
cannes,Palme d'Or,2014,2014,Kış Uykusu,Winter Sleep,冬日甦醒,冬日甦醒,,冬眠,,努瑞·貝其·錫蘭,"土耳其, 德國, 法國",https://www.festival-cannes.com/en/,https://en.wikipedia.org/wiki/Winter_Sleep_(film),https://zh.wikipedia.org/wiki/冬眠 (电影),high,confirmed,Wikidata: Q15921329
cannes,Palme d'Or,2015,2015,Dheepan,Dheepan,流浪的迪潘,,,流浪的迪潘,"狄潘，此人已不再熱愛戰爭, 流離者之歌",賈克·歐迪亞,法國,https://www.festival-cannes.com/en/,https://en.wikipedia.org/wiki/Dheepan,https://zh.wikipedia.org/wiki/流浪的迪潘,medium,confirmed,Wikidata: Q19816574
cannes,Palme d'Or,2016,2016,"I, Daniel Blake","I, Daniel Blake",我是布萊克,,,我是布莱克,"I, Daniel Blake, 我，不低頭",肯·洛區,"英國, 法國, 比利時",https://www.festival-cannes.com/en/,"https://en.wikipedia.org/wiki/I,_Daniel_Blake",https://zh.wikipedia.org/wiki/我是布萊克,medium,confirmed,Wikidata: Q23823458
cannes,Palme d'Or,2017,2017,The Square,The Square,抓狂美術館,抓狂美術館,方寸見人心,方形,自由廣場,鲁本·奥斯特伦德,"瑞典, 德國, 法國, 丹麥",https://www.festival-cannes.com/en/,https://en.wikipedia.org/wiki/The_Square_(2017_film),https://zh.wikipedia.org/wiki/抓狂美術館,high,confirmed,Wikidata: Q27237522
cannes,Palme d'Or,2018,2018,万引き家族,Shoplifters,小偷家族,小偷家族,,小偷家族,,是枝裕和,日本,https://www.festival-cannes.com/en/,https://en.wikipedia.org/wiki/Shoplifters_(film),https://zh.wikipedia.org/wiki/小偷家族,high,confirmed,Wikidata: Q48765577
cannes,Palme d'Or,2019,2019,기생충,Parasite §,寄生上流,寄生上流,上流寄生族,寄生虫,寄生蟲,奉俊昊,大韓民國,https://www.festival-cannes.com/en/,https://en.wikipedia.org/wiki/Parasite_(2019_film),https://zh.wikipedia.org/wiki/寄生上流,high,confirmed,Wikidata: Q61448040
cannes,Palme d'Or,2021,2021,Titane,Titane,變鈦,,變鈦,钛,,茱莉亞·杜康諾,"法國, 比利時",https://www.festival-cannes.com/en/,https://en.wikipedia.org/wiki/Titane,https://zh.wikipedia.org/wiki/钛 (电影),medium,confirmed,Wikidata: Q105393862
cannes,Palme d'Or,2022,2022,Triangle of Sadness,Triangle of Sadness,瘋狂富作用,瘋狂富作用,上流落水狗,悲情三角,,鲁本·奥斯特伦德,"瑞典, 德國, 英國, 法國, 丹麥, 美國, 希臘, 土耳其",https://www.festival-cannes.com/en/,https://en.wikipedia.org/wiki/Triangle_of_Sadness,https://zh.wikipedia.org/wiki/悲情三角,high,confirmed,Wikidata: Q97304180
cannes,Palme d'Or,2023,2023,Anatomie d'une chute,Anatomy of a Fall,墜惡真相,墜惡真相,墮下的對證,坠落的审判,"坠落的剖析, 坠楼死亡的剖析, 一場墜樓的剖析",朱斯蒂娜·特里耶,法國,https://www.festival-cannes.com/en/,https://en.wikipedia.org/wiki/Anatomy_of_a_Fall,https://zh.wikipedia.org/wiki/坠落的审判,high,confirmed,Wikidata: Q117037697
cannes,Palme d'Or,2024,2024,Anora,Anora,艾諾拉,艾諾拉,阿諾拉,阿诺拉,艾诺拉,西恩·貝克,美國,https://www.festival-cannes.com/en/,https://en.wikipedia.org/wiki/Anora,https://zh.wikipedia.org/wiki/阿诺拉,high,confirmed,Wikidata: Q123185887
cannes,Palme d'Or,2025,2025,یک تصادف ساده,It Was Just an Accident,只是一場意外,只是一場意外,純屬伊朗意外,普通事故,,約化·巴納希,"伊朗, 法國",https://www.festival-cannes.com/en/,https://en.wikipedia.org/wiki/It_Was_Just_an_Accident,https://zh.wikipedia.org/wiki/普通事故,high,confirmed,Wikidata: Q133866932
cannes,Palme d'Or,2026,2026,Fjord,Fjord,峡湾,,,峡湾,,克里斯汀·穆基,"挪威, 法國, 羅馬尼亞, 丹麥, 瑞典, 芬蘭",https://www.festival-cannes.com/en/,https://en.wikipedia.org/wiki/Fjord_(film),https://zh.wikipedia.org/wiki/峡湾 (电影),medium,confirmed,Wikidata: Q137652478
venice,Golden Lion,1950,1950,Justice est faite,Justice Is Done,伸張正義,,,伸張正義,,安德烈·卡耶特,法國,https://www.labiennale.org/en/cinema,https://en.wikipedia.org/wiki/Justice_Is_Done,,low,pending,Wikidata: Q2283907
venice,Golden Lion,1951,1951,羅生門,Rashomon,羅生門,羅生門,羅生門,罗生门,,黑澤明,日本,https://www.labiennale.org/en/cinema,https://en.wikipedia.org/wiki/Rashomon,https://zh.wikipedia.org/wiki/羅生門 (電影),high,confirmed,Wikidata: Q135465
venice,Golden Lion,1952,1952,Jeux interdits,Forbidden Games,禁止的遊戲,,禁止的遊戲,禁忌的遊戲,被禁止的游戏,雷尼·克萊曼,法國,https://www.labiennale.org/en/cinema,https://en.wikipedia.org/wiki/Forbidden_Games,https://zh.wikipedia.org/wiki/禁忌的遊戲,medium,needs_source,Wikidata: Q976558
venice,Golden Lion,1954,1954,Romeo and Juliet,Romeo and Juliet,殉情記,殉情記,羅蜜歐與朱麗葉,羅密歐與茱麗葉,,雷納多·卡斯特拉尼,"英國, 義大利",https://www.labiennale.org/en/cinema,https://en.wikipedia.org/wiki/Romeo_and_Juliet_(1954_film),,high,confirmed,Wikidata: Q2716956
venice,Golden Lion,1955,1955,Ordet,Ordet,太初有道,,太初有道,復活,,卡爾·西奧多·德萊葉,丹麥,https://www.labiennale.org/en/cinema,https://en.wikipedia.org/wiki/Ordet,https://zh.wikipedia.org/wiki/諾言 (電影),medium,needs_source,Wikidata: Q2352630
venice,Golden Lion,1957,1957,অপরাজিত,Aparajito,大河之歌,,,大河之歌,,薩雅吉·雷,印度,https://www.labiennale.org/en/cinema,https://en.wikipedia.org/wiki/Aparajito,,low,pending,Wikidata: Q622382
venice,Golden Lion,1958,1958,無法松の一生,Rickshaw Man,手車伕之戀,,手車伕之戀,車伕松五郎,,稻垣浩,日本,https://www.labiennale.org/en/cinema,https://en.wikipedia.org/wiki/Rickshaw_Man,,low,pending,Wikidata: Q1060505
venice,Golden Lion,1959,1959,Il generale della Rovere,General Della Rovere,罗维雷将军,,,罗维雷将军,,羅西里尼,"義大利, 法國",https://www.labiennale.org/en/cinema,https://en.wikipedia.org/wiki/General_Della_Rovere,,low,pending,Wikidata: Q862713
venice,Golden Lion,1959,1959,La grande guerra,The Great War,大戰爭,大戰爭,,大战争 (电影),,馬里奧·莫尼切利,"法國, 義大利",https://www.labiennale.org/en/cinema,https://en.wikipedia.org/wiki/The_Great_War_(1959_film),,high,confirmed,Wikidata: Q150867
venice,Golden Lion,1960,1960,Le Passage du Rhin,Tomorrow Is My Turn,通過萊茵河,,,通過萊茵河,,安德烈·卡耶特,"法國, 德國, 義大利",https://www.labiennale.org/en/cinema,https://en.wikipedia.org/wiki/Tomorrow_Is_My_Turn_(film),,low,pending,Wikidata: Q744482
venice,Golden Lion,1961,1961,L’Année dernière à Marienbad,Last Year at Marienbad,去年在馬倫巴,,,去年在馬倫巴,"去年在马里安巴, 去年在马里昂巴德",亞倫·雷奈,"法國, 義大利, 德國",https://www.labiennale.org/en/cinema,https://en.wikipedia.org/wiki/Last_Year_at_Marienbad,https://zh.wikipedia.org/wiki/去年在馬倫巴,medium,needs_source,Wikidata: Q225355
venice,Golden Lion,1962,1962,Cronaca familiare,Family Diary,家庭日記,,,家庭日記,,瓦莱里奥·祖利尼,"義大利, 法國",https://www.labiennale.org/en/cinema,https://en.wikipedia.org/wiki/Family_Diary,,low,pending,Wikidata: Q1754854
venice,Golden Lion,1962,1962,Иваново детство,Ivan's Childhood,伊凡的少年時代,伊凡的少年時代,伊凡的童年,伊凡的少年时代,伊万的童年,塔可夫斯基,蘇聯,https://www.labiennale.org/en/cinema,https://en.wikipedia.org/wiki/Ivan's_Childhood,https://zh.wikipedia.org/wiki/伊凡的少年時代,high,confirmed,Wikidata: Q147878
venice,Golden Lion,1963,1963,Le mani sulla città,Hands over the City,操縱城市的手,,,操縱城市的手,,法蘭西斯科‧羅西,"義大利, 法國",https://www.labiennale.org/en/cinema,https://en.wikipedia.org/wiki/Hands_over_the_City,,low,pending,Wikidata: Q2253732
venice,Golden Lion,1964,1964,Il deserto rosso,Red Desert,紅色沙漠,紅色沙漠,,红色沙漠,,安東尼奧尼,"法國, 義大利",https://www.labiennale.org/en/cinema,https://en.wikipedia.org/wiki/Red_Desert_(film),,high,confirmed,Wikidata: Q399647
venice,Golden Lion,1965,1965,Vaghe stelle dell'Orsa,Sandra,北斗七星 (电影),,,北斗七星 (电影),,卢奇诺·维斯孔蒂,義大利,https://www.labiennale.org/en/cinema,https://en.wikipedia.org/wiki/Sandra_(1965_film),,low,pending,Wikidata: Q1816145
venice,Golden Lion,1966,1966,La Bataille d'alger,The Battle of Algiers,阿爾及爾之戰,,,阿尔及尔之战,,吉洛·蓬泰科尔沃,"義大利, 阿爾及利亞",https://www.labiennale.org/en/cinema,https://en.wikipedia.org/wiki/The_Battle_of_Algiers,https://zh.wikipedia.org/wiki/阿爾及爾之戰,medium,needs_source,Wikidata: Q784812
venice,Golden Lion,1967,1967,Belle de jour,Belle de Jour,青樓怨婦,青樓怨婦,青樓紅杏,青樓怨婦,,路易斯·布努埃尔,"法國, 義大利",https://www.labiennale.org/en/cinema,https://en.wikipedia.org/wiki/Belle_de_Jour_(film),,high,confirmed,Wikidata: Q470375
venice,Golden Lion,1968,1968,Die Artisten in der Zirkuskuppel: ratlos,Artists Under the Big Top: Perplexed,帳棚頂上的馬戲團藝人,,,帳棚頂上的馬戲團藝人,,亚历山大·克卢格,德國,https://www.labiennale.org/en/cinema,https://en.wikipedia.org/wiki/Artists_Under_the_Big_Top:_Perplexed,,low,pending,Wikidata: Q573953
venice,Golden Lion,1980,1980,"Atlantic City, USA",Atlantic City,大西洋城,,,大西洋城,"Atlantic City, 老賊出更",路易·馬盧,"加拿大, 美國, 法國",https://www.labiennale.org/en/cinema,https://en.wikipedia.org/wiki/Atlantic_City_(1980_film),https://zh.wikipedia.org/wiki/大西洋城 (電影),medium,confirmed,Wikidata: Q756329
venice,Golden Lion,1980,1980,Gloria,Gloria,女煞葛洛莉,女煞葛洛莉,,女煞葛洛莉,,約翰·卡薩維蒂,美國,https://www.labiennale.org/en/cinema,https://en.wikipedia.org/wiki/Gloria_(1980_film),,high,confirmed,Wikidata: Q627942
venice,Golden Lion,1981,1981,Die bleierne Zeit,Marianne and Juliane,德國姊妹,,,德國姊妹,,玛格雷特·冯·特洛塔,德國,https://www.labiennale.org/en/cinema,https://en.wikipedia.org/wiki/Marianne_and_Juliane,,low,pending,Wikidata: Q703966
venice,Golden Lion,1982,1982,Der Stand der Dinge,The State of Things,事物的狀態,事物的狀態,影壇狀況,事物的狀態,,文·溫德斯,"葡萄牙, 德國, 美國, 法國",https://www.labiennale.org/en/cinema,https://en.wikipedia.org/wiki/The_State_of_Things_(film),https://zh.wikipedia.org/wiki/事物的狀態,high,confirmed,Wikidata: Q692367
venice,Golden Lion,1983,1983,Prénom Carmen,First Name: Carmen,芳名卡門,,,芳名卡門,,尚盧·高達,"法國, 瑞士",https://www.labiennale.org/en/cinema,https://en.wikipedia.org/wiki/First_Name:_Carmen,https://zh.wikipedia.org/wiki/芳名卡門,medium,confirmed,Wikidata: Q2296139
venice,Golden Lion,1984,1984,Rok spokojnego słońca,A Year of the Quiet Sun,寂靜太陽年,,,寂靜太陽年,,克里斯多夫·贊努西,"波蘭, 義大利, 西德, 德國, 美國",https://www.labiennale.org/en/cinema,https://en.wikipedia.org/wiki/A_Year_of_the_Quiet_Sun,,low,pending,Wikidata: Q1094047
venice,Golden Lion,1985,1985,Sans toit ni loi,Vagabond,無法無家,無法無家,無法無家,無法無家,,安妮·華達,法國,https://www.labiennale.org/en/cinema,https://en.wikipedia.org/wiki/Vagabond_(1985_film),,high,confirmed,Wikidata: Q2298257
venice,Golden Lion,1986,1986,Le Rayon vert,The Green Ray,綠光,綠光,難得有情郎,綠光,,艾力·侯麥,法國,https://www.labiennale.org/en/cinema,https://en.wikipedia.org/wiki/The_Green_Ray_(film),https://zh.wikipedia.org/wiki/綠光 (1986年電影),high,confirmed,Wikidata: Q1171334
venice,Golden Lion,1987,1987,Au revoir les enfants,Au revoir les enfants,童年再見,童年再見,,童年再見,,路易·馬盧,"法國, 義大利, 德國",https://www.labiennale.org/en/cinema,https://en.wikipedia.org/wiki/Au_revoir_les_enfants,,high,confirmed,Wikidata: Q187276
venice,Golden Lion,1988,1988,La leggenda del santo bevitore,The Legend of the Holy Drinker,飲者傳奇,,,飲者傳奇,,艾曼諾·奧米,"法國, 義大利",https://www.labiennale.org/en/cinema,https://en.wikipedia.org/wiki/The_Legend_of_the_Holy_Drinker_(film),,low,pending,Wikidata: Q2182637
venice,Golden Lion,1989,1989,悲情城市,A City of Sadness,悲情城市,悲情城市,悲情城市,悲情城市,A City of Sadness,侯孝賢,中華民國,https://www.labiennale.org/en/cinema,https://en.wikipedia.org/wiki/A_City_of_Sadness,https://zh.wikipedia.org/wiki/悲情城市,high,confirmed,Wikidata: Q133461
venice,Golden Lion,1990,1990,Rosencrantz & Guildenstern Are Dead,Rosencrantz & Guildenstern Are Dead,君臣人子小命呜呼,,,君臣人子小命呜呼,,湯姆·史塔佩,英國,https://www.labiennale.org/en/cinema,https://en.wikipedia.org/wiki/Rosencrantz_&_Guildenstern_Are_Dead_(film),,low,pending,Wikidata: Q1579166
venice,Golden Lion,1991,1991,Урга — территория любви,Close to Eden,蒙古精神,,,蒙古精神,,尼基塔·米亥科夫,"蘇聯, 法國",https://www.labiennale.org/en/cinema,https://en.wikipedia.org/wiki/Close_to_Eden,https://zh.wikipedia.org/wiki/蒙古精神,medium,confirmed,Wikidata: Q1169942
venice,Golden Lion,1992,1992,秋菊打官司,The Story of Qiu Ju,秋菊打官司,,,秋菊打官司,,張藝謀,中華人民共和國,https://www.labiennale.org/en/cinema,https://en.wikipedia.org/wiki/The_Story_of_Qiu_Ju,https://zh.wikipedia.org/wiki/秋菊打官司,medium,confirmed,Wikidata: Q644174
venice,Golden Lion,1993,1993,Short Cuts,Short Cuts,銀色·性·男女,銀色·性·男女,,銀色·性·男女,"浮世男女, 銀色性男女, 銀色、性、男女, 银色性男女, 短片集",勞勃·阿特曼,美國,https://www.labiennale.org/en/cinema,https://en.wikipedia.org/wiki/Short_Cuts,https://zh.wikipedia.org/wiki/銀色·性·男女,high,confirmed,Wikidata: Q605226
venice,Golden Lion,1993,1993,Trois couleurs: Bleu,Three Colours: Blue,藍色情挑,藍色情挑,藍白紅三部曲之藍,三色之蓝,"三色之藍, Three Colors: Blue, 蓝色情挑",克里斯多夫·奇士勞斯基,"法國, 波蘭, 瑞士, 英國",https://www.labiennale.org/en/cinema,https://en.wikipedia.org/wiki/Three_Colours:_Blue,https://zh.wikipedia.org/wiki/三色之蓝,high,confirmed,Wikidata: Q932814
venice,Golden Lion,1994,1994,Before the Rain,Before the Rain,暴雨將至,暴雨將至,,暴雨將至,,米科·曼徹夫斯基,"北馬其頓, 法國, 英國",https://www.labiennale.org/en/cinema,https://en.wikipedia.org/wiki/Before_the_Rain_(1994_film),,high,confirmed,Wikidata: Q911013
venice,Golden Lion,1994,1994,Vive L'Amour,Vive L'Amour,,,,,,Tsai Ming-liang,Taiwan,https://www.labiennale.org/en/cinema,https://en.wikipedia.org/wiki/Vive_L'Amour,,low,pending,
venice,Golden Lion,1995,1995,Xích lô,Cyclo,三轮车夫,,,三轮车夫,,陳英雄,"法國, 越南",https://www.labiennale.org/en/cinema,https://en.wikipedia.org/wiki/Cyclo_(film),,low,pending,Wikidata: Q2253032
venice,Golden Lion,1996,1996,Michael Collins,Michael Collins,豪情本色,豪情本色,,豪情本色,"傲气盖天, Michael Collins",尼爾·喬丹,"美國, 英國, 愛爾蘭",https://www.labiennale.org/en/cinema,https://en.wikipedia.org/wiki/Michael_Collins_(film),https://zh.wikipedia.org/wiki/豪情本色,high,confirmed,Wikidata: Q430535
venice,Golden Lion,1997,1997,HANA-BI,Hana-bi,花火,,,花火,HANA-BI,北野武,日本,https://www.labiennale.org/en/cinema,https://en.wikipedia.org/wiki/Hana-bi,https://zh.wikipedia.org/wiki/花火 (1998年电影),medium,confirmed,Wikidata: Q1125897
venice,Golden Lion,1998,1998,Così ridevano,The Way We Laughed,他們微笑的樣子,,,他們微笑的樣子,,吉安尼·阿米里奧,義大利,https://www.labiennale.org/en/cinema,https://en.wikipedia.org/wiki/The_Way_We_Laughed,,low,pending,Wikidata: Q1752164
venice,Golden Lion,1999,1999,一个都不能少,Not One Less,一個都不能少,,一個都不能少,一个都不能少,,張藝謀,中華人民共和國,https://www.labiennale.org/en/cinema,https://en.wikipedia.org/wiki/Not_One_Less,https://zh.wikipedia.org/wiki/一个都不能少,medium,confirmed,Wikidata: Q1190863
venice,Golden Lion,2000,2000,دایره,The Circle,生命的圆圈,,,生命的圆圈,七女性,約化·巴納希,"伊朗, 瑞士, 義大利",https://www.labiennale.org/en/cinema,https://en.wikipedia.org/wiki/The_Circle_(2000_film),https://zh.wikipedia.org/wiki/生命的圆圈,medium,confirmed,Wikidata: Q1194947
venice,Golden Lion,2001,2001,Monsoon Wedding,Monsoon Wedding,雨季的婚禮,,,雨季的婚禮,,米拉·奈兒,"印度, 義大利, 法國, 美國, 德國, 英國",https://www.labiennale.org/en/cinema,https://en.wikipedia.org/wiki/Monsoon_Wedding,,low,pending,Wikidata: Q945586
venice,Golden Lion,2002,2002,The Magdalene Sisters,The Magdalene Sisters,瑪德琳姊妹,瑪德琳姊妹,,玛德莲堕落少女,,彼得·穆蘭,"英國, 法國, 愛爾蘭",https://www.labiennale.org/en/cinema,https://en.wikipedia.org/wiki/The_Magdalene_Sisters,,high,confirmed,Wikidata: Q606723
venice,Golden Lion,2003,2003,Возвращение,The Return,回归,,,回归,"爸不得愛你, The Return, 歸鄉",安德烈·萨金塞夫,俄羅斯,https://www.labiennale.org/en/cinema,https://en.wikipedia.org/wiki/The_Return_(2003_film),https://zh.wikipedia.org/wiki/回归 (2003年电影),medium,confirmed,Wikidata: Q385494
venice,Golden Lion,2004,2004,Vera Drake,Vera Drake,地下觀音,,地下觀音,天使薇拉卓克,"因母之名, 维拉·德里克, 爱心天使：薇拉卓克, 维拉·德雷克",麥克·李,"英國, 法國",https://www.labiennale.org/en/cinema,https://en.wikipedia.org/wiki/Vera_Drake,https://zh.wikipedia.org/wiki/天使薇拉卓克,medium,confirmed,Wikidata: Q916645
venice,Golden Lion,2005,2005,Brokeback Mountain,Brokeback Mountain,斷背山,斷背山,斷背山,断背山,"Brokeback Mountain, 断臂山",李安,美國,https://www.labiennale.org/en/cinema,https://en.wikipedia.org/wiki/Brokeback_Mountain,https://zh.wikipedia.org/wiki/斷背山,high,confirmed,Wikidata: Q160618
venice,Golden Lion,2006,2006,三峡好人,Still Life,三峽好人,,三峽好人,三峡好人,,賈樟柯,"中華人民共和國, 香港",https://www.labiennale.org/en/cinema,https://en.wikipedia.org/wiki/Still_Life_(2006_film),https://zh.wikipedia.org/wiki/三峡好人,medium,confirmed,Wikidata: Q1371155
venice,Golden Lion,2007,2007,色，戒,"Lust, Caution",色，戒,色，戒,色，戒,色，戒,"王佳芝, 色·戒",李安,"中華人民共和國, 中華民國, 美國",https://www.labiennale.org/en/cinema,"https://en.wikipedia.org/wiki/Lust,_Caution",https://zh.wikipedia.org/wiki/色，戒 (電影),high,confirmed,Wikidata: Q718524
venice,Golden Lion,2008,2008,The Wrestler,The Wrestler,力挽狂瀾,力挽狂瀾,拼命戰羊,力挽狂澜,"摔跤王, 摔角王, 摔跤手",戴倫·艾洛諾夫斯基,"美國, 法國",https://www.labiennale.org/en/cinema,https://en.wikipedia.org/wiki/The_Wrestler_(2008_film),https://zh.wikipedia.org/wiki/拼命戰羊,high,confirmed,Wikidata: Q139326
venice,Golden Lion,2009,2009,לבנון,Lebanon,黎巴嫩,,,黎巴嫩,,山謬·毛茲,"以色列, 法國, 德國, 黎巴嫩",https://www.labiennale.org/en/cinema,https://en.wikipedia.org/wiki/Lebanon_(film),https://zh.wikipedia.org/wiki/黎巴嫩 (電影),medium,confirmed,Wikidata: Q1142358
venice,Golden Lion,2010,2010,Somewhere,Somewhere §,迷失某地,迷失某地,迷失某地,在某处,遺失某地,蘇菲亞·柯波拉,"美國, 義大利",https://www.labiennale.org/en/cinema,https://en.wikipedia.org/wiki/Somewhere_(film),https://zh.wikipedia.org/wiki/在某处,high,confirmed,Wikidata: Q1338368
venice,Golden Lion,2011,2011,Faust,Faust §,浮士德,,,浮士德,,亚历山大·索库罗夫,"俄羅斯, 德國",https://www.labiennale.org/en/cinema,https://en.wikipedia.org/wiki/Faust_(2011_film),https://zh.wikipedia.org/wiki/浮士德 (2011年电影),medium,confirmed,Wikidata: Q541354
venice,Golden Lion,2012,2012,피에타,Pietà,聖殤,,聖殤,圣殇,,金基德,大韓民國,https://www.labiennale.org/en/cinema,https://en.wikipedia.org/wiki/Pietà_(film),https://zh.wikipedia.org/wiki/圣殇,medium,confirmed,Wikidata: Q483197
venice,Golden Lion,2013,2013,Sacro GRA,Sacro GRA,一條大路通羅馬,,,一條大路通羅馬,罗马环城高速,詹弗兰科·罗西,"義大利, 法國",https://www.labiennale.org/en/cinema,https://en.wikipedia.org/wiki/Sacro_GRA,https://zh.wikipedia.org/wiki/一條大路通羅馬,medium,confirmed,Wikidata: Q14853564
venice,Golden Lion,2014,2014,En duva satt på en gren och funderade på tillvaron,A Pigeon Sat on a Branch Reflecting on Existence,鴿子在樹枝上沉思,,,寒枝雀靜,鴿子在樹上反思存在意義,洛伊·安德森,"瑞典, 挪威, 法國, 德國",https://www.labiennale.org/en/cinema,https://en.wikipedia.org/wiki/A_Pigeon_Sat_on_a_Branch_Reflecting_on_Existence,https://zh.wikipedia.org/wiki/鴿子在樹枝上沉思,medium,confirmed,Wikidata: Q10483256
venice,Golden Lion,2015,2015,Desde allá,From Afar,天地禁戀,,天地禁戀,来自远方,遠方禁戀,洛伦佐·维加斯,"委內瑞拉, 墨西哥",https://www.labiennale.org/en/cinema,https://en.wikipedia.org/wiki/From_Afar_(film),https://zh.wikipedia.org/wiki/来自远方 (电影),medium,confirmed,Wikidata: Q20747599
venice,Golden Lion,2016,2016,Ang babaeng humayo,The Woman Who Left,离去的女人,,,离去的女人,離開的女人,拉夫·達茲,菲律賓,https://www.labiennale.org/en/cinema,https://en.wikipedia.org/wiki/The_Woman_Who_Left,https://zh.wikipedia.org/wiki/离去的女人,medium,confirmed,Wikidata: Q26158148
venice,Golden Lion,2017,2017,The Shape of Water,The Shape of Water,水底情深,水底情深,忘形水,水形物语,"The Shape of Water, 水形奇緣, 水形物語",吉勒摩·戴托羅,"美國, 墨西哥",https://www.labiennale.org/en/cinema,https://en.wikipedia.org/wiki/The_Shape_of_Water,https://zh.wikipedia.org/wiki/水底情深,high,confirmed,Wikidata: Q26698156
venice,Golden Lion,2018,2018,Roma,Roma,羅馬,,,罗马,,艾方索·柯朗,"美國, 墨西哥",https://www.labiennale.org/en/cinema,https://en.wikipedia.org/wiki/Roma_(2018_film),https://zh.wikipedia.org/wiki/羅馬 (2018年電影),medium,confirmed,Wikidata: Q27959455
venice,Golden Lion,2019,2019,Joker,Joker,小丑,,,小丑,JOKER小丑,陶德·菲利普斯,美國,https://www.labiennale.org/en/cinema,https://en.wikipedia.org/wiki/Joker_(2019_film),https://zh.wikipedia.org/wiki/小丑 (電影),medium,confirmed,Wikidata: Q42759035
venice,Golden Lion,2020,2020,Nomadland,Nomadland,游牧人生,游牧人生,浪跡天地,無依之地,,趙婷,美國,https://www.labiennale.org/en/cinema,https://en.wikipedia.org/wiki/Nomadland,https://zh.wikipedia.org/wiki/无依之地,high,confirmed,Wikidata: Q61740820
venice,Golden Lion,2021,2021,L'Événement,Happening §,孕辱,,孕辱,正发生,發生,奧黛麗·迪萬,法國,https://www.labiennale.org/en/cinema,https://en.wikipedia.org/wiki/Happening_(film),https://zh.wikipedia.org/wiki/正发生,medium,confirmed,Wikidata: Q107675028
venice,Golden Lion,2022,2022,All the Beauty and the Bloodshed,All the Beauty and the Bloodshed,所有的美麗與血淚,,所有的美麗與血淚,所有的美麗與血淚,,蘿拉柏翠絲,美國,https://www.labiennale.org/en/cinema,https://en.wikipedia.org/wiki/All_the_Beauty_and_the_Bloodshed,https://zh.wikipedia.org/wiki/美人们与流血事件,medium,confirmed,Wikidata: Q113445202
venice,Golden Lion,2023,2023,Poor Things,Poor Things,可憐的東西,可憐的東西,,可怜的东西,,尤格·藍西莫,"美國, 英國, 愛爾蘭",https://www.labiennale.org/en/cinema,https://en.wikipedia.org/wiki/Poor_Things_(film),https://zh.wikipedia.org/wiki/可憐的東西 (電影),high,confirmed,Wikidata: Q108760382
venice,Golden Lion,2024,2024,La habitación de al lado,The Room Next Door,隔壁的房間,隔壁的房間,,隔壁房间,,佩卓·阿莫多瓦,西班牙,https://www.labiennale.org/en/cinema,https://en.wikipedia.org/wiki/The_Room_Next_Door,https://zh.wikipedia.org/wiki/隔壁房间,high,confirmed,Wikidata: Q124359261
venice,Golden Lion,2025,2025,Father Mother Sister Brother,Father Mother Sister Brother,父母姐弟,,,父母姐弟,,吉姆·賈木許,"美國, 愛爾蘭, 法國, 義大利, 日本",https://www.labiennale.org/en/cinema,https://en.wikipedia.org/wiki/Father_Mother_Sister_Brother,https://zh.wikipedia.org/wiki/父母姐弟,medium,confirmed,Wikidata: Q124364048
berlin,Golden Bear,1951,1951,Die Vier im Jeep,Four in a Jeep (Drama),吉普車中的四人,,,吉普車中的四人,,利奥波德·林特贝格,瑞士,https://www.berlinale.de/en/,https://en.wikipedia.org/wiki/Four_in_a_Jeep,,low,pending,Wikidata: Q520462; Berlin 1951 winner in specific genre category (Golden Bear)
berlin,Golden Bear,1951,1951,Sans laisser d'adresse,Without Leaving an Address (Comedy),,,,,,让-保罗·勒沙努瓦,法國,https://www.berlinale.de/en/,https://en.wikipedia.org/wiki/Without_Leaving_an_Address,,low,pending,Wikidata: Q1403096; Berlin 1951 winner in specific genre category (Golden Bear)
berlin,Golden Bear,1951,1951,In Beaver Valley,In Beaver Valley (Documentary),海狸谷,,,海狸谷,,詹姆斯·阿爾加,美國,https://www.berlinale.de/en/,https://en.wikipedia.org/wiki/In_Beaver_Valley,,low,pending,Wikidata: Q3213438; Berlin 1951 winner in specific genre category (Golden Bear)
berlin,Golden Bear,1951,1951,Justice est faite,Justice Is Done (Thriller & Adventure),伸張正義,,,伸張正義,,安德烈·卡耶特,法國,https://www.berlinale.de/en/,https://en.wikipedia.org/wiki/Justice_Is_Done,,low,pending,Wikidata: Q2283907; Berlin 1951 winner in specific genre category (Golden Bear)
berlin,Golden Bear,1951,1951,Cinderella,Cinderella (Music Film),仙履奇緣,仙履奇緣,仙履奇緣,仙履奇缘,,"威孚瑞·傑克森, 漢墨頓·路斯克, 克萊德·傑洛尼米",美國,https://www.berlinale.de/en/,https://en.wikipedia.org/wiki/Cinderella_(1950_film),https://zh.wikipedia.org/wiki/仙履奇缘,high,confirmed,Wikidata: Q191753; Berlin 1951 winner in specific genre category (Golden Bear)
berlin,Golden Bear,1952,1952,Hon dansade en sommar,One Summer of Happiness,天體鴛鴦,,天體鴛鴦,一個幸福的夏天,,阿恩·馬特森,瑞典,https://www.berlinale.de/en/,https://en.wikipedia.org/wiki/One_Summer_of_Happiness,,low,pending,Wikidata: Q1536123
berlin,Golden Bear,1953,1953,Le Salaire de la peur,The Wages of Fear,恐怖的報酬,恐怖的報酬,死亡邊緣,恐惧的代价,,亨利-喬治·克魯佐,"法國, 義大利",https://www.berlinale.de/en/,https://en.wikipedia.org/wiki/The_Wages_of_Fear,https://zh.wikipedia.org/wiki/恐惧的代价,high,confirmed,Wikidata: Q465773
berlin,Golden Bear,1954,1954,Hobson's Choice,Hobson's Choice,女大不中留,,,女大不中留,,大衛·連,英國,https://www.berlinale.de/en/,https://en.wikipedia.org/wiki/Hobson's_Choice_(1954_film),,low,pending,Wikidata: Q1613944
berlin,Golden Bear,1955,1955,Die Ratten,Die Ratten,,,,,,羅勃·席歐麥,德國,https://www.berlinale.de/en/,https://en.wikipedia.org/wiki/Die_Ratten,,low,pending,Wikidata: Q554975
berlin,Golden Bear,1956,1956,Invitation to the Dance,Invitation to the Dance,心聲幻影,,心聲幻影,心声幻影,,金·凱利,美國,https://www.berlinale.de/en/,https://en.wikipedia.org/wiki/Invitation_to_the_Dance_(film),,low,pending,Wikidata: Q1308277
berlin,Golden Bear,1957,1957,12 Angry Men,12 Angry Men,,,,,,Sidney Lumet,United States,https://www.berlinale.de/en/,https://en.wikipedia.org/wiki/12_Angry_Men_(1957_film),,low,pending,
berlin,Golden Bear,1958,1958,Smultronstället,Wild Strawberries,野草莓,野草莓,野草莓,野草莓,,英格瑪·伯格曼,瑞典,https://www.berlinale.de/en/,https://en.wikipedia.org/wiki/Wild_Strawberries_(film),https://zh.wikipedia.org/wiki/野草莓 (电影),high,confirmed,Wikidata: Q239756
berlin,Golden Bear,1959,1959,Les Cousins,Les Cousins,表兄弟,,,表兄弟,,"查布洛, 菲利普·德·布罗卡",法國,https://www.berlinale.de/en/,https://en.wikipedia.org/wiki/Les_Cousins_(film),https://zh.wikipedia.org/wiki/表兄弟 (電影),medium,needs_source,Wikidata: Q141557
berlin,Golden Bear,1960,1960,El Lazarillo de Tormes,El Lazarillo de Tormes,小癞子,,,托梅斯的導盲犬,,凱薩·費南多·阿爾達芬,"西班牙, 義大利",https://www.berlinale.de/en/,https://en.wikipedia.org/wiki/El_Lazarillo_de_Tormes,https://zh.wikipedia.org/wiki/小癞子 (1959年电影),medium,needs_source,Wikidata: Q281677
berlin,Golden Bear,1961,1961,La notte,La Notte,夜,,,夜,,安東尼奧尼,"法國, 義大利",https://www.berlinale.de/en/,https://en.wikipedia.org/wiki/La_Notte,https://zh.wikipedia.org/wiki/夜 (電影),medium,needs_source,Wikidata: Q1215047
berlin,Golden Bear,1962,1962,A Kind of Loving,A Kind of Loving,一夕風流恨事多,一夕風流恨事多,一夕風流恨事多,一夕風流恨事多,,约翰·施莱辛格,英國,https://www.berlinale.de/en/,https://en.wikipedia.org/wiki/A_Kind_of_Loving_(film),,high,confirmed,Wikidata: Q1477112
berlin,Golden Bear,1963,1963,武士道残酷物語,"Bushido, Samurai Saga",武士道殘酷物語,,,武士道殘酷物語,,今井正,日本,https://www.berlinale.de/en/,"https://en.wikipedia.org/wiki/Bushido,_Samurai_Saga",,low,pending,Wikidata: Q1403726
berlin,Golden Bear,1963,1963,Il diavolo,To Bed or Not to Bed,恶魔,,,恶魔,,居安·路易基·波利多洛,義大利,https://www.berlinale.de/en/,https://en.wikipedia.org/wiki/To_Bed_or_Not_to_Bed,,low,pending,Wikidata: Q474072
berlin,Golden Bear,1964,1964,Susuz Yaz,Dry Summer,干涸的夏天,,,干涸的夏天,,曼廷·艾爾克桑,土耳其,https://www.berlinale.de/en/,https://en.wikipedia.org/wiki/Dry_Summer,,low,pending,Wikidata: Q1542380
berlin,Golden Bear,1965,1965,"Alphaville, une étrange aventure de Lemmy Caution",Alphaville,阿爾發城,阿爾發城,阿爾伐城,阿爾發城,,尚盧·高達,"法國, 義大利",https://www.berlinale.de/en/,https://en.wikipedia.org/wiki/Alphaville_(film),https://zh.wikipedia.org/wiki/阿爾發城 (電影),high,confirmed,Wikidata: Q542688
berlin,Golden Bear,1966,1966,Cul-de-sac,Cul-de-Sac,孤島驚魂,,孤島驚魂,荒島驚魂,,羅曼·波蘭斯基,英國,https://www.berlinale.de/en/,https://en.wikipedia.org/wiki/Cul-de-sac_(1966_film),,low,pending,Wikidata: Q1637787
berlin,Golden Bear,1967,1967,Le Départ,Le Départ,出發,,出發,出發吧！戀人們,,史高林莫斯基,"比利時, 法國",https://www.berlinale.de/en/,https://en.wikipedia.org/wiki/Le_Départ,,low,pending,Wikidata: Q1197125
berlin,Golden Bear,1968,1968,Ole dole doff,Who Saw Him Die?,教師之死,,,教師之死,,揚·托爾,瑞典,https://www.berlinale.de/en/,https://en.wikipedia.org/wiki/Who_Saw_Him_Die?,,low,pending,Wikidata: Q532112
berlin,Golden Bear,1969,1969,Rani Radovi,Early Works,第一份工作,,,第一份工作,,捷里米爾·列里尼克,南斯拉夫,https://www.berlinale.de/en/,https://en.wikipedia.org/wiki/Early_Works_(film),,low,pending,Wikidata: Q2026238
berlin,Golden Bear,1971,1971,Il giardino dei Finzi-Contini,The Garden of the Finzi-Continis,費尼茲花園,費尼茲花園,故園風雨後,费尼兹花园,,維多里奧·狄西嘉,"義大利, 西德, 法國",https://www.berlinale.de/en/,https://en.wikipedia.org/wiki/The_Garden_of_the_Finzi-Continis_(film),,high,confirmed,Wikidata: Q683014
berlin,Golden Bear,1972,1972,I racconti di Canterbury,The Canterbury Tales,坎特培雷故事,,坎特培雷故事,坎特伯雷故事集,,柏索里尼,"法國, 義大利",https://www.berlinale.de/en/,https://en.wikipedia.org/wiki/The_Canterbury_Tales_(film),https://zh.wikipedia.org/wiki/坎特伯雷故事集 (1972年电影),medium,confirmed,Wikidata: Q858047
berlin,Golden Bear,1973,1973,অশনি সংকেত,Distant Thunder,遙遠的雷聲,,遙遠的雷聲,遙遠的雷聲,,薩雅吉·雷,印度,https://www.berlinale.de/en/,https://en.wikipedia.org/wiki/Distant_Thunder_(1973_film),https://zh.wikipedia.org/wiki/遙遠的雷聲,medium,confirmed,Wikidata: Q715026
berlin,Golden Bear,1974,1974,The Apprenticeship of Duddy Kravitz,The Apprenticeship of Duddy Kravitz,达迪·克拉维兹的学徒生涯,,,达迪·克拉维兹的学徒生涯,,泰德·柯契夫,加拿大,https://www.berlinale.de/en/,https://en.wikipedia.org/wiki/The_Apprenticeship_of_Duddy_Kravitz_(film),,low,pending,Wikidata: Q1402938
berlin,Golden Bear,1975,1975,Örökbefogadás,Adoption,領養,,,領養,,瑪塔·梅塞洛斯,匈牙利,https://www.berlinale.de/en/,https://en.wikipedia.org/wiki/Adoption_(film),,low,pending,Wikidata: Q1475202
berlin,Golden Bear,1976,1976,"Buffalo Bill and the Indians, or Sitting Bull's History Lesson","Buffalo Bill and the Indians, or Sitting Bull's History Lesson",西塞英雄谱,,,西塞英雄谱,水牛比尔和印第安人,勞勃·阿特曼,美國,https://www.berlinale.de/en/,"https://en.wikipedia.org/wiki/Buffalo_Bill_and_the_Indians,_or_Sitting_Bull's_History_Lesson",https://zh.wikipedia.org/wiki/西塞英雄谱,medium,confirmed,Wikidata: Q1001943
berlin,Golden Bear,1977,1977,Восхождение,The Ascent,上升,,,上升,,拉西亞·雪彼特寇,蘇聯,https://www.berlinale.de/en/,https://en.wikipedia.org/wiki/The_Ascent_(1977_film),,low,pending,Wikidata: Q760053
berlin,Golden Bear,1978,1978,Ascensor,Ascensor,电梯,,,電梯,,Tomás Muñoz Torres,西班牙,https://www.berlinale.de/en/,https://en.wikipedia.org/wiki/Ascensor,https://zh.wikipedia.org/wiki/电梯 (短片),medium,confirmed,Wikidata: Q2866389
berlin,Golden Bear,1978,1978,Las truchas,Las truchas,鮭魚,,,鮭魚,,何塞·路易斯·加西亚·桑切斯,西班牙,https://www.berlinale.de/en/,https://en.wikipedia.org/wiki/Las_truchas,,low,pending,Wikidata: Q3218260
berlin,Golden Bear,1978,1978,Las palabras de Max,What Max Said,馬克思說了什麼,,,馬克思說了什麼,,埃米利奥·马丁内斯-拉萨罗,西班牙,https://www.berlinale.de/en/,https://en.wikipedia.org/wiki/What_Max_Said,,low,pending,Wikidata: Q3015346
berlin,Golden Bear,1979,1979,David,David,大衛,,,大衛,,彼得·李連侯,德國,https://www.berlinale.de/en/,https://en.wikipedia.org/wiki/David_(1979_film),,low,pending,Wikidata: Q325286
berlin,Golden Bear,1980,1980,Heartland,Heartland,拓荒者,,,拓荒者,,理查·皮爾斯,美國,https://www.berlinale.de/en/,https://en.wikipedia.org/wiki/Heartland_(1979_film),,low,pending,Wikidata: Q1402558
berlin,Golden Bear,1980,1980,Palermo oder Wolfsburg,Palermo or Wolfsburg,巴勒摩或沃夫斯堡,,,巴勒摩或沃夫斯堡,,沃纳·施罗德,"德國, 瑞士",https://www.berlinale.de/en/,https://en.wikipedia.org/wiki/Palermo_or_Wolfsburg,,low,pending,Wikidata: Q322107
berlin,Golden Bear,1981,1981,"Deprisa, deprisa","Deprisa, deprisa",快，快,,,快，快,,卡洛斯·绍拉,"西班牙, 法國",https://www.berlinale.de/en/,"https://en.wikipedia.org/wiki/Deprisa,_deprisa",,low,pending,Wikidata: Q922099
berlin,Golden Bear,1982,1982,Die Sehnsucht der Veronika Voss,Veronika Voss,維洛妮卡佛斯的慾望,,,維洛妮卡佛斯的慾望,,萊納·韋納·法斯賓達,德國,https://www.berlinale.de/en/,https://en.wikipedia.org/wiki/Veronika_Voss,,low,pending,Wikidata: Q703188
berlin,Golden Bear,1983,1983,Ascendancy,Ascendancy,富貴之家,,,富貴之家,,愛德華·班奈特,"英國, 澳洲",https://www.berlinale.de/en/,https://en.wikipedia.org/wiki/Ascendancy_(film),,low,pending,Wikidata: Q2607773
berlin,Golden Bear,1983,1983,La colmena,La colmena,蜂巢,,,蜂巢,,馬力歐·卡謬,西班牙,https://www.berlinale.de/en/,https://en.wikipedia.org/wiki/La_colmena_(film),,low,pending,Wikidata: Q1402826
berlin,Golden Bear,1984,1984,Love Streams,Love Streams,愛流,,愛流,爱的激流,暗湧,約翰·卡薩維蒂,美國,https://www.berlinale.de/en/,https://en.wikipedia.org/wiki/Love_Streams_(film),https://zh.wikipedia.org/wiki/爱的激流,medium,confirmed,Wikidata: Q2521232
berlin,Golden Bear,1985,1985,Wetherby,Wetherby,陌生男子,,,陌生男子,,大衛·海爾 (編劇),"英國, 澳洲",https://www.berlinale.de/en/,https://en.wikipedia.org/wiki/Wetherby_(film),,low,pending,Wikidata: Q3420924
berlin,Golden Bear,1985,1985,Die Frau und der Fremde,The Woman and the Stranger,女人中的陌生人,,,女人中的陌生人,,萊納·西門,"德國, 東德",https://www.berlinale.de/en/,https://en.wikipedia.org/wiki/The_Woman_and_the_Stranger,,low,pending,Wikidata: Q480773
berlin,Golden Bear,1986,1986,Stammheim,Stammheim,大審判,,,大審判,,萊因哈特·豪夫,德國,https://www.berlinale.de/en/,https://en.wikipedia.org/wiki/Stammheim_(film),,low,pending,Wikidata: Q571512
berlin,Golden Bear,1987,1987,Тема,The Theme,主題,,,主題,,格里布·潘非洛夫,蘇聯,https://www.berlinale.de/en/,https://en.wikipedia.org/wiki/The_Theme,,low,pending,Wikidata: Q734048
berlin,Golden Bear,1988,1988,红高粱,Red Sorghum,紅高粱,紅高粱,紅高粱,红高粱,,張藝謀,中華人民共和國,https://www.berlinale.de/en/,https://en.wikipedia.org/wiki/Red_Sorghum_(film),https://zh.wikipedia.org/wiki/红高粱 (电影),high,confirmed,Wikidata: Q166588
berlin,Golden Bear,1989,1989,Rain Man,Rain Man,雨人,雨人,手足情未了,雨人,"Rain Man, Rainman",巴瑞·李文森,美國,https://www.berlinale.de/en/,https://en.wikipedia.org/wiki/Rain_Man,https://zh.wikipedia.org/wiki/雨人,high,confirmed,Wikidata: Q188845
berlin,Golden Bear,1990,1990,Skřivánci na niti,Larks on a String,失翼靈雀,失翼靈雀,繩上的雲雀,失翼灵雀,,伊利·曼佐,捷克斯洛伐克,https://www.berlinale.de/en/,https://en.wikipedia.org/wiki/Larks_on_a_String,,high,confirmed,Wikidata: Q2303863
berlin,Golden Bear,1990,1990,Music Box,Music Box,大控訴,,大控訴,大控訴,,科斯塔·加夫拉斯,美國,https://www.berlinale.de/en/,https://en.wikipedia.org/wiki/Music_Box_(film),,low,pending,Wikidata: Q1427849
berlin,Golden Bear,1991,1991,La casa del sorriso,The House of Smiles,微笑之屋,,,微笑之屋,,馬可·費拉里,義大利,https://www.berlinale.de/en/,https://en.wikipedia.org/wiki/The_House_of_Smiles,,low,pending,Wikidata: Q1088798
berlin,Golden Bear,1992,1992,Grand Canyon,Grand Canyon,大峡谷,,,大峡谷,,劳伦斯·卡斯丹,美國,https://www.berlinale.de/en/,https://en.wikipedia.org/wiki/Grand_Canyon_(1991_film),,low,pending,Wikidata: Q1542548
berlin,Golden Bear,1993,1993,The Wedding Banquet,The Wedding Banquet,囍宴,囍宴,,喜宴,,李安,"美國, 中華民國",https://www.berlinale.de/en/,https://en.wikipedia.org/wiki/The_Wedding_Banquet,https://zh.wikipedia.org/wiki/囍宴 (電影),high,confirmed,Wikidata: Q182071
berlin,Golden Bear,1993,1993,香魂女,Woman Sesame Oil Maker,香魂女,,香魂女,香魂女,,謝飛,中華人民共和國,https://www.berlinale.de/en/,https://en.wikipedia.org/wiki/Woman_Sesame_Oil_Maker,https://zh.wikipedia.org/wiki/香魂女 (电影),medium,confirmed,Wikidata: Q1088947
berlin,Golden Bear,1994,1994,In the Name of the Father,In the Name of the Father,以父之名,,,以父之名,"因父之名, In the name of the father",吉姆·謝利登,"英國, 美國, 愛爾蘭",https://www.berlinale.de/en/,https://en.wikipedia.org/wiki/In_the_Name_of_the_Father,https://zh.wikipedia.org/wiki/以父之名,medium,confirmed,Wikidata: Q304074
berlin,Golden Bear,1995,1995,L'Appât,The Bait,新鮮誘惑,新鮮誘惑,色誘,新鮮誘惑,,贝特朗·塔韦尼耶,法國,https://www.berlinale.de/en/,https://en.wikipedia.org/wiki/The_Bait_(1995_film),,high,confirmed,Wikidata: Q1087039
berlin,Golden Bear,1996,1996,Sense and Sensibility,Sense and Sensibility,理智與情感,,理智與情感,理性與感性,"理性与感性, Sense and Sensibility, 理智与情感",李安,"英國, 美國",https://www.berlinale.de/en/,https://en.wikipedia.org/wiki/Sense_and_Sensibility_(1995_film),https://zh.wikipedia.org/wiki/理性與感性 (電影),medium,confirmed,Wikidata: Q643263
berlin,Golden Bear,1997,1997,The People vs. Larry Flynt,The People vs. Larry Flynt,性书大亨,,,性书大亨,情色風暴1997,米洛斯·福曼,美國,https://www.berlinale.de/en/,https://en.wikipedia.org/wiki/The_People_vs._Larry_Flynt,https://zh.wikipedia.org/wiki/性书大亨,medium,confirmed,Wikidata: Q750077
berlin,Golden Bear,1998,1998,Central do Brasil,Central Station,中央車站,,,中央車站,,華特·薩勒斯,"法國, 巴西",https://www.berlinale.de/en/,https://en.wikipedia.org/wiki/Central_Station_(film),https://zh.wikipedia.org/wiki/中央車站 (電影),medium,confirmed,Wikidata: Q1054036
berlin,Golden Bear,1999,1999,The Thin Red Line,The Thin Red Line,紅色警戒,紅色警戒,狂林戰曲,细细的红线,细红线,泰倫斯·馬利克,美國,https://www.berlinale.de/en/,https://en.wikipedia.org/wiki/The_Thin_Red_Line_(1998_film),https://zh.wikipedia.org/wiki/紅色警戒 (電影),high,confirmed,Wikidata: Q221491
berlin,Golden Bear,2000,2000,Magnolia,Magnolia,木兰花,,,木兰花,"心靈角落, 人生交叉剔",保羅·湯馬士·安德遜,美國,https://www.berlinale.de/en/,https://en.wikipedia.org/wiki/Magnolia_(film),https://zh.wikipedia.org/wiki/木兰花 (电影),medium,confirmed,Wikidata: Q588420
berlin,Golden Bear,2001,2001,Intimacy,Intimacy,親密關係 (2001年電影),,,親密關係 (2001年電影),,巴提斯·謝侯,"英國, 法國",https://www.berlinale.de/en/,https://en.wikipedia.org/wiki/Intimacy_(2001_film),,low,pending,Wikidata: Q76827
berlin,Golden Bear,2002,2002,Bloody Sunday,Bloody Sunday,血腥星期日,,,血腥星期日,,保羅·葛林葛瑞斯,"愛爾蘭, 英國",https://www.berlinale.de/en/,https://en.wikipedia.org/wiki/Bloody_Sunday_(film),,low,pending,Wikidata: Q885302
berlin,Golden Bear,2002,2002,千と千尋の神隠し,Spirited Away,神隱少女,神隱少女,千與千尋,千与千寻,"白龙, 神隐少女, Chihiro, 千と千尋の神隠し, 千与千寻的神隐",宮崎駿,日本,https://www.berlinale.de/en/,https://en.wikipedia.org/wiki/Spirited_Away,https://zh.wikipedia.org/wiki/千与千寻,high,confirmed,Wikidata: Q155653
berlin,Golden Bear,2003,2003,در این جهان,In This World,阿富汗少年冷酷,,,阿富汗少年冷酷,,麥克·溫特波頓,英國,https://www.berlinale.de/en/,https://en.wikipedia.org/wiki/In_This_World,,low,pending,Wikidata: Q1458594
berlin,Golden Bear,2004,2004,Gegen die Wand,Head-On,愛無止盡,,,勇往直前,"愛從零開始, 夜夜放荡",法提·阿金,"德國, 土耳其",https://www.berlinale.de/en/,https://en.wikipedia.org/wiki/Head-On_(film),https://zh.wikipedia.org/wiki/愛無止盡,medium,confirmed,Wikidata: Q325648
berlin,Golden Bear,2005,2005,U-Carmen eKhayelitsha,U-Carmen eKhayelitsha,卡雅利沙的卡门,,,卡雅利沙的卡门,,馬克·東弗德-梅伊,南非,https://www.berlinale.de/en/,https://en.wikipedia.org/wiki/U-Carmen_eKhayelitsha,,low,pending,Wikidata: Q2141815
berlin,Golden Bear,2006,2006,Grbavica,Grbavica,旅行之歌,旅行之歌,旅行之歌,旅行之歌,"格巴維察, 殤城遺恨",亚斯米拉·茲巴尼克,"波士尼亞與赫塞哥維納, 奧地利, 德國, 克羅埃西亞",https://www.berlinale.de/en/,https://en.wikipedia.org/wiki/Grbavica_(film),https://zh.wikipedia.org/wiki/旅行之歌,high,confirmed,Wikidata: Q116171
berlin,Golden Bear,2007,2007,图雅的婚事,Tuya's Marriage,图雅的婚事,,,图雅的婚事,,王全安,中華人民共和國,https://www.berlinale.de/en/,https://en.wikipedia.org/wiki/Tuya's_Marriage,https://zh.wikipedia.org/wiki/图雅的婚事,medium,confirmed,Wikidata: Q430987
berlin,Golden Bear,2008,2008,Tropa de Elite,Elite Squad,精銳部隊,精銳部隊,精銳暴隊,精英部队,精锐部队,何塞·帕蒂爾哈,巴西,https://www.berlinale.de/en/,https://en.wikipedia.org/wiki/Elite_Squad,https://zh.wikipedia.org/wiki/精銳部隊,high,confirmed,Wikidata: Q282781
berlin,Golden Bear,2009,2009,La teta asustada,The Milk of Sorrow,懼乳：傷心的奶水,,,懼乳：傷心的奶水,,克勞迪雅·洛薩,"西班牙, 秘魯",https://www.berlinale.de/en/,https://en.wikipedia.org/wiki/The_Milk_of_Sorrow,https://zh.wikipedia.org/wiki/懼乳：傷心的奶水,medium,confirmed,Wikidata: Q1129420
berlin,Golden Bear,2010,2010,Bal,Honey,蜜,,,蜜,,森米·卡潘諾古,"土耳其, 德國, 法國",https://www.berlinale.de/en/,https://en.wikipedia.org/wiki/Honey_(2010_film),https://zh.wikipedia.org/wiki/蜜 (電影),medium,confirmed,Wikidata: Q804582
berlin,Golden Bear,2011,2011,جدایی نادر از سیمین,A Separation,分居風暴,分居風暴,伊朗式分居,伊朗式分居,"一次别离, 纳德和西敏：一次别离, 内达和西敏：一次别离",阿斯哈·法哈蒂,伊朗,https://www.berlinale.de/en/,https://en.wikipedia.org/wiki/A_Separation,https://zh.wikipedia.org/wiki/伊朗式分居,high,confirmed,Wikidata: Q640561
berlin,Golden Bear,2012,2012,Cesare deve morire,Caesar Must Die,凱撒必須死：舞台重生,,凱撒必須死：舞台重生,凯撒必须死,凱撒必死,"Vittorio Taviani, Paolo Taviani",義大利,https://www.berlinale.de/en/,https://en.wikipedia.org/wiki/Caesar_Must_Die,https://zh.wikipedia.org/wiki/凱撒必須死：舞台重生,medium,confirmed,Wikidata: Q1059540
berlin,Golden Bear,2013,2013,Poziția Copilului,Child's Pose,愛的佔有慾,愛的佔有慾,怪獸慈母心,孩童之姿,婴儿式,卡林·皮特·內策爾,羅馬尼亞,https://www.berlinale.de/en/,https://en.wikipedia.org/wiki/Child's_Pose_(film),https://zh.wikipedia.org/wiki/孩童之姿,high,confirmed,Wikidata: Q4778856
berlin,Golden Bear,2014,2014,白日焰火,"Black Coal, Thin Ice",白日焰火,白日焰火,,白日焰火,,刁亦男,"中華人民共和國, 香港",https://www.berlinale.de/en/,"https://en.wikipedia.org/wiki/Black_Coal,_Thin_Ice",https://zh.wikipedia.org/wiki/白日焰火,high,confirmed,Wikidata: Q15731283
berlin,Golden Bear,2015,2015,تاکسی,Taxi,計程人生,計程人生,伊朗的士笑看人生,計程人生,計程車,約化·巴納希,伊朗,https://www.berlinale.de/en/,https://en.wikipedia.org/wiki/Taxi_(2015_film),https://zh.wikipedia.org/wiki/計程人生,high,confirmed,Wikidata: Q18844625
berlin,Golden Bear,2016,2016,Fuocoammare,Fire at Sea,海上焰火,海上焰火,怒海公民,海上焰火,"火海之上, 海上火焰",詹弗兰科·罗西,"義大利, 法國",https://www.berlinale.de/en/,https://en.wikipedia.org/wiki/Fire_at_Sea,https://zh.wikipedia.org/wiki/海上焰火,high,confirmed,Wikidata: Q22238173
berlin,Golden Bear,2017,2017,Testről és lélekről,On Body and Soul,夢鹿情謎,,,肉與靈,"夢鹿情緣, On Body and Soul",伊迪高·安怡迪,匈牙利,https://www.berlinale.de/en/,https://en.wikipedia.org/wiki/On_Body_and_Soul,https://zh.wikipedia.org/wiki/夢鹿情謎,medium,confirmed,Wikidata: Q28127581
berlin,Golden Bear,2018,2018,Nu mă atinge-mă,Touch Me Not,靈肉撫摸,,靈肉撫摸,禁身接觸,,阿狄娜·潘提琳,"羅馬尼亞, 德國, 捷克, 保加利亞, 法國",https://www.berlinale.de/en/,https://en.wikipedia.org/wiki/Touch_Me_Not,https://zh.wikipedia.org/wiki/禁身接觸,medium,confirmed,Wikidata: Q44869778
berlin,Golden Bear,2019,2019,Synonyms,Synonyms,出走巴黎,出走巴黎,字旅巴黎,同義詞,,那達夫·拉匹,"法國, 以色列, 德國",https://www.berlinale.de/en/,https://en.wikipedia.org/wiki/Synonyms_(film),https://zh.wikipedia.org/wiki/出走巴黎,high,confirmed,Wikidata: Q61672685
berlin,Golden Bear,2020,2020,شیطان وجود ندارد,There Is No Evil,無邪,無邪,惡與他們的距離,无邪,那裡沒有撒旦,穆罕默德·拉穌羅夫,"伊朗, 捷克, 德國",https://www.berlinale.de/en/,https://en.wikipedia.org/wiki/There_Is_No_Evil,https://zh.wikipedia.org/wiki/無邪,high,confirmed,Wikidata: Q84321441
berlin,Golden Bear,2021,2021,Babardeală cu bucluc sau porno balamuc,Bad Luck Banging or Loony Porn,倒楣性愛和瘋狂A片,倒楣性愛和瘋狂A片,春宮 野史 大批鬥,倒霉性爱，发狂黄片,行衰運色情電影,哈都·裘德,"羅馬尼亞, 捷克, 克羅埃西亞, 盧森堡",https://www.berlinale.de/en/,https://en.wikipedia.org/wiki/Bad_Luck_Banging_or_Loony_Porn,https://zh.wikipedia.org/wiki/倒霉性爱，发狂黄片,high,confirmed,Wikidata: Q105441000
berlin,Golden Bear,2022,2022,Alcarràs,Alcarràs,桃子樹的最後豐收,桃子樹的最後豐收,陽光燦爛的果園,阿尔卡拉斯,阿爾卡拉斯,卡拉·西蒙,"西班牙, 義大利",https://www.berlinale.de/en/,https://en.wikipedia.org/wiki/Alcarràs_(film),https://zh.wikipedia.org/wiki/桃子樹的最後豐收,high,confirmed,Wikidata: Q110622667
berlin,Golden Bear,2023,2023,Sur l’Adamant,On the Adamant,塞納河上的船屋,塞納河上的船屋,靈魂休息室,塞納河上的船屋,堅定不移,尼古拉斯·菲利貝爾,法國,https://www.berlinale.de/en/,https://en.wikipedia.org/wiki/On_the_Adamant,https://zh.wikipedia.org/wiki/塞納河上的船屋,high,confirmed,Wikidata: Q116414358
berlin,Golden Bear,2024,2024,Dahomey,Dahomey,達荷美：祖靈回家,達荷美：祖靈回家,回歸達荷美,达荷美,,馬蒂·迪奧普,"法國, 塞內加爾, 貝南",https://www.berlinale.de/en/,https://en.wikipedia.org/wiki/Dahomey_(film),https://zh.wikipedia.org/wiki/达荷美 (电影),high,confirmed,Wikidata: Q124319816
berlin,Golden Bear,2025,2025,Drømmer,Dreams (Sex Love),關於夢（性與愛）,關於夢（性與愛）,同夢奇緣之夢,性梦爱三部曲：梦,性愛夢之做夢,達格·約翰·豪格魯德,挪威,https://www.berlinale.de/en/,https://en.wikipedia.org/wiki/Dreams_(Sex_Love),https://zh.wikipedia.org/wiki/性梦爱三部曲：梦,high,confirmed,Wikidata: Q129759798
berlin,Golden Bear,2026,2026,Yellow Letters,Yellow Letters,告知信,,,告知信,,伊爾凱爾·恰塔克,"德國, 土耳其, 法國",https://www.berlinale.de/en/,https://en.wikipedia.org/wiki/Yellow_Letters,https://zh.wikipedia.org/wiki/告知信 (电影),medium,confirmed,Wikidata: Q136163095
cannes,Palme d'Or,1939,1939,Union Pacific,Union Pacific,和平联盟 (电影),,,和平联盟 (电影),,施素·德美,美國,https://www.festival-cannes.com/en/,https://en.wikipedia.org/wiki/Union_Pacific_(film),,low,pending,Wikidata: Q1930992
venice,Mussolini Cup (Best Foreign Film),1934,1934,Man of Aran,Man of Aran,阿伦人,,,阿伦人,,羅伯特·佛萊赫堤,英國,https://www.labiennale.org/en/cinema,https://en.wikipedia.org/wiki/Man_of_Aran,,low,pending,Wikidata: Q1214986; Mussolini Cup for Best Foreign Film
venice,Mussolini Cup (Best Italian Film),1934,1934,Teresa Confalonieri,Teresa Confalonieri,,,,,,Guido Brignone,Italy,https://www.labiennale.org/en/cinema,https://en.wikipedia.org/wiki/Teresa_Confalonieri_(film),,low,pending,Mussolini Cup for Best Italian Film
venice,Mussolini Cup (Best Foreign Film),1935,1935,Anna Karenina,Anna Karenina,春殘夢斷,,春殘夢斷,安娜·卡列尼娜,,克拉伦斯·布朗,美國,https://www.labiennale.org/en/cinema,https://en.wikipedia.org/wiki/Anna_Karenina_(1935_film),,low,pending,Wikidata: Q561208; Mussolini Cup for Best Foreign Film
venice,Mussolini Cup (Best Italian Film),1935,1935,Casta Diva,Casta Diva,幻影,,,幻影,,卡尔米内·加洛内,義大利,https://www.labiennale.org/en/cinema,https://en.wikipedia.org/wiki/Casta_Diva_(1935_film),,low,pending,Wikidata: Q2941333; Mussolini Cup for Best Italian Film
venice,Mussolini Cup (Best Foreign Film),1936,1936,Der Kaiser von Kalifornien,Der Kaiser von Kalifornien,加利福尼亚的皇帝,,,加利福尼亚的皇帝,,路易斯·特朗克,德國,https://www.labiennale.org/en/cinema,https://en.wikipedia.org/wiki/Der_Kaiser_von_Kalifornien,,low,pending,Wikidata: Q481091; Mussolini Cup for Best Foreign Film
venice,Mussolini Cup (Best Italian Film),1936,1936,Lo squadrone bianco,Lo squadrone bianco,,,,,,Augusto Genina,Italy,https://www.labiennale.org/en/cinema,https://en.wikipedia.org/wiki/The_White_Squadron_(film),,low,pending,Mussolini Cup for Best Italian Film
venice,Mussolini Cup (Best Foreign Film),1937,1937,Un carnet de bal,Un carnet de bal,,,,,,Julien Duvivier,France,https://www.labiennale.org/en/cinema,https://en.wikipedia.org/wiki/Un_carnet_de_bal,,low,pending,Mussolini Cup for Best Foreign Film
venice,Mussolini Cup (Best Italian Film),1937,1937,Scipione l'africano,Scipione l'africano,,,,,,Carmine Gallone,Italy,https://www.labiennale.org/en/cinema,https://en.wikipedia.org/wiki/Scipione_l%27africano,,low,pending,Mussolini Cup for Best Italian Film
venice,Mussolini Cup (Best Foreign Film),1938,1938,Olympia,Olympia,奧林匹亞,奧林匹亞,奧林匹亞,奥林匹亚,,蘭妮·萊芬斯坦,德意志國,https://www.labiennale.org/en/cinema,https://en.wikipedia.org/wiki/Olympia_(1938_film),https://zh.wikipedia.org/wiki/奥林匹亚 (电影),high,confirmed,Wikidata: Q158069; Mussolini Cup for Best Foreign Film
venice,Mussolini Cup (Best Italian Film),1938,1938,Luciano Serra pilota,Luciano Serra pilota,空军敢死队,,,空军敢死队,,戈弗雷多·亚历山德里尼,義大利,https://www.labiennale.org/en/cinema,"https://en.wikipedia.org/wiki/Luciano_Serra,_Pilot",,low,pending,Wikidata: Q980025; Mussolini Cup for Best Italian Film
venice,Mussolini Cup (Best Italian Film),1939,1939,Abuna Messias,Cardinal Messias,阿布纳·梅西阿斯,,,阿布纳·梅西阿斯,,戈弗雷多·亚历山德里尼,義大利,https://www.labiennale.org/en/cinema,https://en.wikipedia.org/wiki/Cardinal_Messias,,low,pending,Wikidata: Q3202222; Mussolini Cup for Best Italian Film
venice,Mussolini Cup (Best Foreign Film),1940,1940,Der Postmeister,Der Postmeister,,,,,,Gustav Ucicky,Germany,https://www.labiennale.org/en/cinema,https://en.wikipedia.org/wiki/The_Postmaster,,low,pending,Mussolini Cup for Best Foreign Film
venice,Mussolini Cup (Best Italian Film),1940,1940,L'assedio dell'Alcazar,L'assedio dell'Alcazar,阿尔卡扎尔之围,,,阿尔卡扎尔之围,,奥古斯托·吉尼那,"義大利, 義大利王國",https://www.labiennale.org/en/cinema,https://en.wikipedia.org/wiki/The_Siege_of_the_Alcazar,,low,pending,Wikidata: Q1154167; Mussolini Cup for Best Italian Film
venice,Mussolini Cup (Best Foreign Film),1941,1941,Ohm Krüger,Ohm Krüger,,,,,,Hans Steinhoff,Germany,https://www.labiennale.org/en/cinema,https://en.wikipedia.org/wiki/Ohm_Kr%C3%BCger,,low,pending,Mussolini Cup for Best Foreign Film
venice,Mussolini Cup (Best Italian Film),1941,1941,La corona di ferro,La corona di ferro,钢盔,,,钢盔,,亚历山德罗·布拉赛蒂,義大利,https://www.labiennale.org/en/cinema,https://en.wikipedia.org/wiki/The_Iron_Crown,,low,pending,Wikidata: Q536657; Mussolini Cup for Best Italian Film
venice,Mussolini Cup (Best Foreign Film),1942,1942,Der große König,Der große König,伟大的国王,,,伟大的国王,,法伊特·哈兰,德國,https://www.labiennale.org/en/cinema,https://en.wikipedia.org/wiki/The_Great_King,,low,pending,Wikidata: Q480696; Mussolini Cup for Best Foreign Film
venice,Mussolini Cup (Best Italian Film),1942,1942,Bengasi,Bengasi,賓加西,,,賓加西,,奥古斯托·吉尼那,義大利,https://www.labiennale.org/en/cinema,https://en.wikipedia.org/wiki/Bengasi_(film),,low,pending,Wikidata: Q2895816; Mussolini Cup for Best Italian Film
venice,Best Film (Journalists Poll),1946,1946,The Southerner,The Southerner,大地之光,,大地之光,大地之光,,尚‧雷諾亞,美國,https://www.labiennale.org/en/cinema,https://en.wikipedia.org/wiki/The_Southerner_(film),,low,pending,Wikidata: Q1195531; Journalists poll for Best Film (Festival not officially competitive)
venice,Grand International Prize of Venice,1947,1947,Siréna,Siréna,,,,,,Karel Steklý,Czechoslovakia,https://www.labiennale.org/en/cinema,https://en.wikipedia.org/wiki/Sir%C3%A9na_(film),,low,pending,Grand International Prize of Venice (predecessor to Golden Lion)
venice,Grand International Prize of Venice,1948,1948,Hamlet,Hamlet,王子復仇記,王子復仇記,王子復仇記,哈姆雷特,皇子復仇記,勞倫斯·奧立佛,英國,https://www.labiennale.org/en/cinema,https://en.wikipedia.org/wiki/Hamlet_(1948_film),https://zh.wikipedia.org/wiki/哈姆雷特 (1948年电影),high,confirmed,Wikidata: Q27178; Grand International Prize of Venice (predecessor to Golden Lion)
venice,Golden Lion of Saint Mark,1949,1949,Manon,Manon,情婦瑪儂,,,情婦瑪儂,,亨利-喬治·克魯佐,法國,https://www.labiennale.org/en/cinema,https://en.wikipedia.org/wiki/Manon_(1949_film),,low,pending,Wikidata: Q937385
